Word,CK_Freq,Split,Disp_Freq
centre,150,cent re,5905
angeles,142,angel es,5593
labour,141,lab our,5554
tech,140,te ch,5515
programme,136,program me,5359
defence,134,de fence,5281
haha,134,ha ha,5281
thats,134,th ats,5281
colour,133,co lour,5242
honour,128,hon our,5047
fuckin,127,fuck in,5008
instagram,127,inst agram,5008
bitcoin,123,bit coin,4852
colours,120,co lours,4735
cafe,118,ca fe,4657
programmes,117,program mes,4618
pokemon,116,poke mon,4579
smartphone,116,smart phone,4579
nato,115,na to,4540
offence,113,of fence,4462
grande,113,gran de,4462
gameplay,113,game play,4462
manga,113,man ga,4462
goin,112,go in,4423
stat,112,st at,4423
admin,111,ad min,4384
lakers,110,lake rs,4345
obamacare,110,obama care,4345
youre,109,you re,4306
dems,108,de ms,4267
humour,108,hum our,4267
ussr,107,us sr,4228
doin,107,do in,4228
hahaha,107,hah aha,4228
modi,107,mo di,4228
brexit,106,br exit,4189
photoshop,106,photo shop,4189
metre,105,met re,4150
paulo,105,pau lo,4150
connor,105,con nor,4150
messi,105,mes si,4150
lookin,105,loo kin,4150
screenshot,105,screen shot,4150
kanye,105,kan ye,4150
ronaldo,105,ron aldo,4150
memes,105,me mes,4150
minecraft,105,mine craft,4150
talkin,104,talk in,4111
gettin,104,get tin,4111
badass,103,bad ass,4072
everton,103,ever ton,4072
dept,103,de pt,4072
seahawks,103,sea hawks,4072
texting,103,tex ting,4072
notre,102,not re,4033
hassan,102,has san,4033
fibre,102,fib re,4033
everytime,102,every time,4033
nothin,102,no thin,4033
mets,102,me ts,4033
steelers,102,steele rs,4033
hashtag,102,hash tag,4033
smartphones,102,smart phones,4033
offences,101,of fences,3994
honours,101,hon ours,3994
rumours,101,rum ours,3994
wenger,101,wen ger,3994
reddit,101,red dit,3994
blockchain,101,block chain,3994
forex,101,for ex,3994
meth,100,me th,3955
linkedin,100,linked in,3955
repost,99,re post,3916
playlist,99,play list,3916
kickstarter,99,kick starter,3916
snapchat,99,snap chat,3916
socio,98,soc io,3877
dumbass,98,dumb ass,3877
woah,98,wo ah,3877
arse,98,ar se,3877
geoff,98,ge off,3877
miley,98,mi ley,3877
wordpress,98,word press,3877
bloomberg,98,bloom berg,3877
aires,97,air es,3838
nana,97,na na,3838
onboard,97,on board,3838
atleast,97,at least,3838
kylie,97,ky lie,3838
comin,96,co min,3799
tyres,96,tyr es,3799
bruh,96,br uh,3799
cass,96,ca ss,3799
choi,96,ch oi,3799
nico,96,ni co,3799
sayin,96,say in,3799
screenshots,96,screen shots,3799
somethin,96,some thin,3799
beckham,96,beck ham,3799
wikileaks,96,wiki leaks,3799
conor,96,co nor,3799
lockdown,96,lock down,3799
millennials,96,millennia ls,3799
wellbeing,96,well being,3799
inbox,96,in box,3799
havent,95,ha vent,3760
theyre,95,th eyre,3760
andreas,95,andre as,3760
litre,95,lit re,3760
centred,95,cent red,3760
cheque,95,che que,3760
noir,95,no ir,3760
liga,95,li ga,3760
webcam,95,web cam,3760
clarkson,95,clark son,3760
overwatch,95,over watch,3760
beyonce,95,bey once,3760
comcast,95,com cast,3760
sooo,95,so oo,3760
podcasts,95,pod casts,3760
paso,94,pa so,3721
analyse,94,ana lyse,3721
mata,94,ma ta,3721
chem,94,ch em,3721
grayson,94,gray son,3721
magnus,94,ma gnus,3721
nano,94,na no,3721
tryin,94,try in,3721
rubio,94,rub io,3721
oecd,93,oe cd,3682
defences,93,de fences,3682
elle,93,el le,3682
fallon,93,fall on,3682
haram,93,ha ram,3682
pearce,93,pear ce,3682
scarlett,93,scar lett,3682
steph,93,st eph,3682
cavs,93,ca vs,3682
indo,93,in do,3682
loch,93,lo ch,3682
snowden,93,snow den,3682
texted,93,tex ted,3682
lumpur,93,lump ur,3682
cardio,93,card io,3682
offseason,93,off season,3682
mackay,92,mac kay,3643
moto,92,mo to,3643
ames,92,am es,3643
prob,92,pr ob,3643
routledge,92,rout ledge,3643
cosplay,92,co splay,3643
macbook,92,mac book,3643
pepe,91,pe pe,3604
luca,91,lu ca,3604
hayley,91,hay ley,3604
royale,91,roy ale,3604
tumour,91,tum our,3604
rumour,91,rum our,3604
oooh,91,oo oh,3604
westbrook,91,west brook,3604
ceos,91,ce os,3604
highschool,91,high school,3604
moines,91,mo ines,3604
hoodie,91,hoo die,3604
bitcoins,91,bit coins,3604
santo,90,san to,3565
avant,90,av ant,3565
jolie,90,jo lie,3565
cheng,90,ch eng,3565
ching,90,ch ing,3565
demi,90,de mi,3565
hella,90,hel la,3565
kaplan,90,ka plan,3565
metadata,90,meta data,3565
wastewater,90,waste water,3565
webber,90,webb er,3565
freakin,90,freak in,3565
hara,90,ha ra,3565
mikey,90,mi key,3565
middlesex,90,middle sex,3565
blowjob,90,blow job,3565
heathrow,90,heath row,3565
armoured,89,armour ed,3526
gras,89,gr as,3526
garde,89,gar de,3526
ofthe,89,of the,3526
manu,89,ma nu,3526
thinkin,89,thin kin,3526
blackhawks,89,black hawks,3526
jojo,89,jo jo,3526
maher,89,ma her,3526
lankan,89,lank an,3526
elon,89,el on,3526
houghton,89,hough ton,3526
mixtape,89,mix tape,3526
phillies,89,phil lies,3526
huffington,89,huffing ton,3526
salman,89,sal man,3526
tata,89,ta ta,3526
carb,89,ca rb,3526
francesco,88,frances co,3487
chateau,88,chat eau,3487
napa,88,na pa,3487
rahman,88,rah man,3487
turnbull,88,turn bull,3487
watford,88,wat ford,3487
palo,88,pa lo,3487
smackdown,88,smack down,3487
thorne,88,thor ne,3487
voicemail,88,voice mail,3487
fanbase,88,fan base,3487
gabe,88,ga be,3487
maga,88,ma ga,3487
westwood,88,west wood,3487
buzzfeed,88,buzz feed,3487
rockstar,88,rock star,3487
crowdfunding,88,crowd funding,3487
lauderdale,88,lauder dale,3487
esque,88,es que,3487
dunham,87,dun ham,3448
johan,87,jo han,3448
axel,87,ax el,3448
mein,87,me in,3448
prem,87,pr em,3448
remy,87,re my,3448
chai,87,ch ai,3448
choo,87,ch oo,3448
makin,87,ma kin,3448
situ,87,si tu,3448
tanaka,87,tan aka,3448
hussain,87,hus sain,3448
sanderson,87,sander son,3448
aidan,87,ai dan,3448
cena,87,ce na,3448
insta,87,in sta,3448
thankyou,87,thank you,3448
palin,87,pa lin,3448
fortnite,87,fort nite,3448
kapoor,87,ka poor,3448
easton,87,east on,3448
germain,86,ger main,3409
coli,86,co li,3409
nino,86,ni no,3409
goldstein,86,gold stein,3409
keane,86,kea ne,3409
greenberg,86,green berg,3409
keating,86,kea ting,3409
hadley,86,had ley,3409
rees,86,re es,3409
shen,86,sh en,3409
workin,86,work in,3409
iain,86,ia in,3409
maddie,86,mad die,3409
wrestlemania,86,wrestle mania,3409
yoon,86,yo on,3409
mayweather,86,may weather,3409
starship,86,star ship,3409
sundance,86,sun dance,3409
hehe,86,he he,3409
alain,85,al ain,3370
incl,85,in cl,3370
luka,85,lu ka,3370
colouring,85,co louring,3370
annum,85,ann um,3370
clegg,85,cl egg,3370
coronavirus,85,corona virus,3370
feelin,85,fee lin,3370
hamid,85,ha mid,3370
joon,85,jo on,3370
melo,85,me lo,3370
nevermind,85,never mind,3370
sino,85,si no,3370
weibo,85,we ibo,3370
donnelly,85,don nelly,3370
eachother,85,each other,3370
farage,85,fa rage,3370
hitman,85,hit man,3370
mendes,85,mend es,3370
regan,85,re gan,3370
spongebob,85,sponge bob,3370
tomlinson,85,tomlin son,3370
affleck,85,af fleck,3370
bain,85,ba in,3370
deadpool,85,dead pool,3370
kimmel,85,kim mel,3370
orton,85,or ton,3370
timberlake,85,timber lake,3370
youtubers,85,you tubers,3370
aclu,85,ac lu,3370
norwood,85,nor wood,3370
proto,85,pro to,3370
storylines,85,story lines,3370
warcraft,85,war craft,3370
doesn,85,doe sn,3370
barclays,85,bar clays,3370
hentai,85,hen tai,3370
uttar,85,ut tar,3370
asus,85,as us,3370
melee,85,me lee,3370
nadu,85,na du,3370
paleo,85,pa leo,3370
vape,85,va pe,3370
haute,84,ha ute,3331
mariah,84,mari ah,3331
sevilla,84,se villa,3331
halle,84,hal le,3331
proc,84,pr oc,3331
fabio,84,fab io,3331
laguna,84,lag una,3331
salah,84,sal ah,3331
hasan,84,ha san,3331
bein,84,be in,3331
bundy,84,bun dy,3331
matty,84,mat ty,3331
faber,84,fab er,3331
hillsborough,84,hills borough,3331
johnstone,84,john stone,3331
kira,84,ki ra,3331
alfie,84,al fie,3331
eurovision,84,euro vision,3331
gigi,84,gi gi,3331
gregor,84,greg or,3331
hana,84,ha na,3331
lockhart,84,lock hart,3331
peta,84,pe ta,3331
spiderman,84,spider man,3331
thom,84,th om,3331
westfield,84,west field,3331
winslow,84,win slow,3331
antifa,84,anti fa,3331
aswell,84,as well,3331
beale,84,be ale,3331
mahal,84,ma hal,3331
newtown,84,new town,3331
esports,84,es ports,3331
playlists,84,play lists,3331
brainer,84,brain er,3331
upto,84,up to,3331
mrna,84,mr na,3331
salle,83,sal le,3292
concordia,83,concord ia,3292
emphasised,83,emphasis ed,3292
aeroplane,83,aero plane,3292
isla,83,is la,3292
gaston,83,gas ton,3292
elgin,83,el gin,3292
eurozone,83,eur ozone,3292
karim,83,ka rim,3292
timelines,83,time lines,3292
nemo,83,ne mo,3292
cahill,83,ca hill,3292
kimi,83,ki mi,3292
motorsport,83,motor sport,3292
burnham,83,burn ham,3292
celine,83,ce line,3292
cosmo,83,cos mo,3292
cowan,83,co wan,3292
farah,83,fa rah,3292
lund,83,lu nd,3292
roadmap,83,road map,3292
timeframe,83,time frame,3292
workflow,83,work flow,3292
bama,83,ba ma,3292
berman,83,berm an,3292
chakra,83,cha kra,3292
colton,83,col ton,3292
crowe,83,cr owe,3292
friggin,83,frig gin,3292
larkin,83,lar kin,3292
mortem,83,mort em,3292
moyes,83,mo yes,3292
photoshopped,83,photo shopped,3292
wildcard,83,wild card,3292
camo,83,ca mo,3292
ghostbusters,83,ghost busters,3292
niall,83,ni all,3292
rockin,83,roc kin,3292
whistleblower,83,whistle blower,3292
youtuber,83,you tuber,3292
cheerleading,83,cheer leading,3292
frontman,83,front man,3292
ironman,83,iron man,3292
pixar,83,pix ar,3292
westchester,83,west chester,3292
soundcloud,83,sound cloud,3292
meetup,83,meet up,3292
crossfit,83,cross fit,3292
usps,83,us ps,3292
github,83,git hub,3292
meps,82,me ps,3253
mathieu,82,ma thieu,3253
faire,82,fa ire,3253
isps,82,is ps,3253
masse,82,mas se,3253
adnan,82,ad nan,3253
anwar,82,an war,3253
haines,82,ha ines,3253
mardi,82,mar di,3253
mika,82,mi ka,3253
parlour,82,par lour,3253
carrick,82,car rick,3253
lapd,82,la pd,3253
rana,82,ra na,3253
bridgewater,82,bridge water,3253
fenton,82,fen ton,3253
hijab,82,hi jab,3253
corbin,82,cor bin,3253
crawley,82,craw ley,3253
supergirl,82,super girl,3253
ariana,82,aria na,3253
coachella,82,coach ella,3253
tardis,82,tar dis,3253
branson,82,bran son,3253
gopro,82,go pro,3253
googled,82,go ogled,3253
backstory,82,back story,3253
hashtags,82,hash tags,3253
sonoma,82,so noma,3253
isbn,81,is bn,3214
alia,81,al ia,3214
abdel,81,ab del,3214
markus,81,mark us,3214
tele,81,te le,3214
attaches,81,at taches,3214
dobson,81,dob son,3214
maclean,81,ma clean,3214
arsene,81,ar sene,3214
egan,81,eg an,3214
gunna,81,gun na,3214
hawkeye,81,hawk eye,3214
rashid,81,rash id,3214
tellin,81,tell in,3214
arya,81,ar ya,3214
paddington,81,padding ton,3214
rafa,81,ra fa,3214
chet,81,ch et,3214
gundam,81,gun dam,3214
potus,81,pot us,3214
skywalker,81,sky walker,3214
thurston,81,thurs ton,3214
bannon,81,ban non,3214
karan,81,ka ran,3214
southend,81,south end,3214
sanjay,81,san jay,3214
grandkids,81,grand kids,3214
nord,80,no rd,3175
bien,80,bi en,3175
tumours,80,tum ours,3175
baja,80,ba ja,3175
addis,80,ad dis,3175
maison,80,mai son,3175
seater,80,seat er,3175
irina,80,ir ina,3175
plat,80,pl at,3175
valentina,80,valenti na,3175
jace,80,ja ce,3175
leaderboard,80,leader board,3175
paulie,80,pau lie,3175
alam,80,al am,3175
arkham,80,ark ham,3175
csgo,80,cs go,3175
hanley,80,han ley,3175
harman,80,harm an,3175
kieran,80,kier an,3175
mech,80,me ch,3175
payton,80,pay ton,3175
playin,80,pl ayin,3175
tennant,80,tenn ant,3175
ther,80,th er,3175
anfield,80,an field,3175
nbsp,80,nb sp,3175
simons,80,si mons,3175
melrose,80,mel rose,3175
sabha,80,sab ha,3175
repo,80,re po,3175
clit,80,cl it,3175
dropbox,80,drop box,3175
osha,80,os ha,3175
anand,80,an and,3175
jammu,80,jam mu,3175
vaping,80,va ping,3175
todays,80,to days,3175
influencers,80,influence rs,3175
signup,79,sign up,3136
alexandre,79,alex andre,3136
tbsp,79,tb sp,3136
alfa,79,al fa,3136
copa,79,co pa,3136
draught,79,dr aught,3136
goto,79,go to,3136
duval,79,du val,3136
matic,79,ma tic,3136
medallist,79,medal list,3136
omni,79,om ni,3136
smes,79,sm es,3136
travers,79,trave rs,3136
woodley,79,wood ley,3136
damnit,79,dam nit,3136
gamergate,79,gamer gate,3136
hahah,79,ha hah,3136
kiki,79,ki ki,3136
mayfield,79,may field,3136
mornin,79,morn in,3136
runtime,79,run time,3136
stargate,79,star gate,3136
swann,79,sw ann,3136
umar,79,um ar,3136
waitin,79,wait in,3136
aiden,79,ai den,3136
bateman,79,bate man,3136
boyce,79,boy ce,3136
capcom,79,cap com,3136
comms,79,com ms,3136
hola,79,ho la,3136
kwon,79,kw on,3136
noone,79,no one,3136
pitbull,79,pit bull,3136
portman,79,port man,3136
ronan,79,ron an,3136
sheeran,79,sheer an,3136
silverman,79,silver man,3136
usgs,79,us gs,3136
davison,79,davis on,3136
forrester,79,for rester,3136
alastair,79,ala stair,3136
rollout,79,roll out,3136
reddy,79,red dy,3136
ashland,79,ash land,3136
lehigh,79,le high,3136
raman,79,ra man,3136
desi,79,de si,3136
tagline,79,tag line,3136
infographic,79,info graphic,3136
walgreens,79,wal greens,3136
elsevier,79,else vier,3136
nagar,79,na gar,3136
earbuds,79,ear buds,3136
cmon,78,cm on,3097
didier,78,did ier,3097
lago,78,la go,3097
manoeuvre,78,man oeuvre,3097
tian,78,ti an,3097
busan,78,bus an,3097
coldplay,78,cold play,3097
papi,78,pa pi,3097
samir,78,sam ir,3097
banco,78,ban co,3097
gough,78,go ugh,3097
pico,78,pi co,3097
steinberg,78,stein berg,3097
betts,78,bet ts,3097
biggs,78,big gs,3097
essendon,78,essen don,3097
horner,78,horn er,3097
kimball,78,kim ball,3097
larsson,78,lars son,3097
mila,78,mi la,3097
niki,78,ni ki,3097
radiohead,78,radio head,3097
videogames,78,video games,3097
whyte,78,why te,3097
anakin,78,an akin,3097
bowles,78,bow les,3097
callum,78,call um,3097
connelly,78,con nelly,3097
covent,78,co vent,3097
cowell,78,co well,3097
defenseman,78,defense man,3097
jackman,78,jack man,3097
lampard,78,lam pard,3097
latham,78,lat ham,3097
machado,78,mach ado,3097
mahoney,78,ma honey,3097
maximus,78,max imus,3097
walkin,78,wal kin,3097
whitehouse,78,white house,3097
andi,78,an di,3097
assn,78,as sn,3097
crocker,78,cr ocker,3097
curran,78,cur ran,3097
dubstep,78,dub step,3097
fema,78,fe ma,3097
grammys,78,gram mys,3097
guardiola,78,guardi ola,3097
hoyt,78,ho yt,3097
lexi,78,le xi,3097
saban,78,sab an,3097
seamus,78,seam us,3097
toon,78,to on,3097
devine,78,de vine,3097
rowley,78,row ley,3097
arjun,78,ar jun,3097
bowser,78,bows er,3097
dataset,78,data set,3097
guildford,78,guild ford,3097
kabir,78,kab ir,3097
leia,78,le ia,3097
nats,78,na ts,3097
ofcourse,78,of course,3097
osbourne,78,os bourne,3097
citi,78,ci ti,3097
redding,78,red ding,3097
takedown,78,take down,3097
manafort,78,mana fort,3097
pornhub,78,porn hub,3097
admins,78,adm ins,3097
vapour,77,va pour,3058
gilles,77,gil les,3058
gaulle,77,gaul le,3058
iaea,77,ia ea,3058
kato,77,ka to,3058
saleh,77,sal eh,3058
scala,77,sc ala,3058
gomes,77,go mes,3058
jakob,77,ja kob,3058
salam,77,sal am,3058
nugent,77,nu gent,3058
baines,77,ba ines,3058
bashir,77,bash ir,3058
bello,77,bel lo,3058
chia,77,ch ia,3058
usaf,77,us af,3058
anya,77,an ya,3058
blackwater,77,black water,3058
hawkes,77,hawk es,3058
masterchef,77,master chef,3058
mifflin,77,miff lin,3058
momo,77,mo mo,3058
nunes,77,nun es,3058
paulson,77,paul son,3058
tobin,77,to bin,3058
burrell,77,burr ell,3058
landline,77,land line,3058
whittaker,77,whit taker,3058
yeon,77,ye on,3058
barista,77,bari sta,3058
grossman,77,gross man,3058
marsden,77,mars den,3058
neill,77,ne ill,3058
shahid,77,shah id,3058
amit,77,am it,3058
hemsworth,77,hems worth,3058
lohan,77,lo han,3058
tyrion,77,tyr ion,3058
wheaton,77,wheat on,3058
newbury,77,new bury,3058
macos,77,ma cos,3058
middletown,77,middle town,3058
googling,77,go ogling,3058
hottie,77,hot tie,3058
hoodies,77,hoo dies,3058
oneplus,77,one plus,3058
arte,76,ar te,3019
beit,76,be it,3019
jour,76,jo ur,3019
paco,76,pa co,3019
engel,76,en gel,3019
millar,76,mil lar,3019
optimus,76,opt imus,3019
lotte,76,lot te,3019
moby,76,mo by,3019
supercar,76,super car,3019
aldridge,76,ald ridge,3019
brah,76,br ah,3019
colorectal,76,colo rectal,3019
franken,76,fran ken,3019
sittin,76,sit tin,3019
wishlist,76,wish list,3019
yaya,76,ya ya,3019
bibi,76,bi bi,3019
fabregas,76,fabre gas,3019
tait,76,ta it,3019
thiago,76,th iago,3019
waterhouse,76,water house,3019
atta,76,at ta,3019
bayley,76,bay ley,3019
beal,76,be al,3019
britton,76,brit ton,3019
brom,76,br om,3019
chas,76,ch as,3019
dojo,76,do jo,3019
dougie,76,dou gie,3019
hoon,76,ho on,3019
jeter,76,jet er,3019
langdon,76,lang don,3019
loomis,76,loom is,3019
mena,76,me na,3019
pierson,76,pier son,3019
roddy,76,rod dy,3019
scholes,76,sc holes,3019
seaworld,76,sea world,3019
templeton,76,temple ton,3019
wickham,76,wick ham,3019
bader,76,bad er,3019
conroy,76,con roy,3019
fenway,76,fen way,3019
lawton,76,law ton,3019
noor,76,no or,3019
fordham,76,ford ham,3019
janata,76,jana ta,3019
ringtone,76,ring tone,3019
westside,76,west side,3019
aldrich,76,ald rich,3019
montrose,76,mont rose,3019
orcs,76,or cs,3019
sexting,76,sex ting,3019
smartwatch,76,smart watch,3019
hawley,76,haw ley,3019
motorsports,76,motor sports,3019
apoptosis,76,apo ptosis,3019
broward,76,brow ard,3019
aditya,76,adit ya,3019
ange,75,an ge,2980
sena,75,se na,2980
odour,75,od our,2980
fleur,75,fl eur,2980
moshe,75,mo she,2980
ababa,75,ab aba,2980
bebe,75,be be,2980
usaid,75,us aid,2980
intl,75,in tl,2980
rami,75,ra mi,2980
gruber,75,grub er,2980
hobson,75,hob son,2980
nikola,75,ni kola,2980
auth,75,au th,2980
todo,75,to do,2980
armin,75,ar min,2980
crabtree,75,crab tree,2980
gaal,75,ga al,2980
goss,75,go ss,2980
kaya,75,ka ya,2980
mais,75,ma is,2980
willem,75,will em,2980
croc,75,cr oc,2980
eriksen,75,erik sen,2980
findlay,75,find lay,2980
frida,75,fr ida,2980
gabi,75,ga bi,2980
goode,75,go ode,2980
incheon,75,inch eon,2980
jama,75,ja ma,2980
keyes,75,key es,2980
maddy,75,mad dy,2980
millwall,75,mill wall,2980
rewatch,75,re watch,2980
rigby,75,rig by,2980
shep,75,sh ep,2980
yolo,75,yo lo,2980
collab,75,col lab,2980
declan,75,de clan,2980
didi,75,di di,2980
doran,75,do ran,2980
emmys,75,em mys,2980
forma,75,for ma,2980
forman,75,for man,2980
grantham,75,grant ham,2980
kinect,75,kine ct,2980
luthor,75,lu thor,2980
riverdale,75,river dale,2980
somers,75,some rs,2980
thayer,75,th ayer,2980
usain,75,us ain,2980
winona,75,wino na,2980
aniston,75,anis ton,2980
aquaman,75,aqua man,2980
camila,75,cam ila,2980
daleks,75,dale ks,2980
deen,75,de en,2980
diddy,75,did dy,2980
goodluck,75,good luck,2980
sandusky,75,san dusky,2980
shithole,75,shit hole,2980
sith,75,si th,2980
strat,75,st rat,2980
bondi,75,bon di,2980
crewe,75,cr ewe,2980
dreamworks,75,dream works,2980
sachin,75,sac hin,2980
westport,75,west port,2980
albans,75,al bans,2980
aldi,75,al di,2980
ashby,75,ash by,2980
atms,75,at ms,2980
brookfield,75,brook field,2980
claremont,75,clare mont,2980
helens,75,he lens,2980
lightsaber,75,light saber,2980
snape,75,sn ape,2980
amex,75,am ex,2980
farmington,75,farming ton,2980
raton,75,ra ton,2980
alibaba,75,ali baba,2980
steampunk,75,steam punk,2980
bengaluru,75,bengal uru,2980
valle,74,val le,2941
belo,74,be lo,2941
homme,74,ho mme,2941
punta,74,pun ta,2941
maki,74,ma ki,2941
misc,74,mi sc,2941
astm,74,as tm,2941
config,74,con fig,2941
hauser,74,ha user,2941
anno,74,an no,2941
lili,74,li li,2941
modus,74,mod us,2941
cmos,74,cm os,2941
deja,74,de ja,2941
gita,74,gi ta,2941
randle,74,rand le,2941
slideshow,74,slide show,2941
auld,74,au ld,2941
autocorrect,74,auto correct,2941
boggs,74,bog gs,2941
bowden,74,bow den,2941
butthole,74,but thole,2941
felton,74,felt on,2941
hangin,74,han gin,2941
nani,74,na ni,2941
seok,74,se ok,2941
tyrell,74,tyr ell,2941
whatcha,74,what cha,2941
gaye,74,ga ye,2941
goulding,74,gould ing,2941
langford,74,lang ford,2941
livermore,74,liver more,2941
ooooh,74,oo ooh,2941
videogame,74,video game,2941
woodson,74,wood son,2941
anson,74,an son,2941
indycar,74,indy car,2941
mackey,74,mac key,2941
retweeted,74,re tweeted,2941
assed,74,ass ed,2941
deepwater,74,deep water,2941
downton,74,down ton,2941
stearns,74,st earns,2941
barrington,74,barring ton,2941
cramer,74,cr amer,2941
fanboy,74,fan boy,2941
rebranded,74,re branded,2941
socal,74,so cal,2941
southside,74,south side,2941
wadsworth,74,wads worth,2941
wyndham,74,wynd ham,2941
andover,74,an dover,2941
mohan,74,mo han,2941
bellingham,74,belling ham,2941
asos,74,as os,2941
rbis,74,rb is,2941
richland,74,rich land,2941
fitbit,74,fit bit,2941
photoshoot,74,photo shoot,2941
werent,73,we rent,2902
calle,73,cal le,2902
santi,73,san ti,2902
hoffmann,73,hoff mann,2902
valour,73,va lour,2902
familia,73,fa milia,2902
bene,73,be ne,2902
fairchild,73,fair child,2902
carta,73,car ta,2902
fontana,73,font ana,2902
silverstone,73,silver stone,2902
gallen,73,gal len,2902
marcello,73,mar cello,2902
amore,73,am ore,2902
bakr,73,ba kr,2902
cern,73,ce rn,2902
garmin,73,gar min,2902
gatwick,73,gat wick,2902
mano,73,ma no,2902
onsite,73,on site,2902
rodman,73,rod man,2902
tamar,73,ta mar,2902
amal,73,am al,2902
aman,73,am an,2902
calum,73,cal um,2902
crowder,73,crowd er,2902
gabriella,73,gabriel la,2902
hardwick,73,hard wick,2902
ivanka,73,ivan ka,2902
matchday,73,match day,2902
mayne,73,may ne,2902
raaf,73,ra af,2902
sewell,73,se well,2902
warburton,73,war burton,2902
westlake,73,west lake,2902
amar,73,am ar,2902
dist,73,di st,2902
fergie,73,fer gie,2902
hain,73,ha in,2902
korra,73,kor ra,2902
milligan,73,mil ligan,2902
peralta,73,per alta,2902
wiseman,73,wise man,2902
woodhouse,73,wood house,2902
aberdeenshire,73,aberdeen shire,2902
alina,73,al ina,2902
baller,73,ball er,2902
buren,73,bur en,2902
cadbury,73,cad bury,2902
duggan,73,dug gan,2902
gasol,73,ga sol,2902
goodell,73,go odell,2902
hagan,73,ha gan,2902
heyman,73,hey man,2902
laila,73,la ila,2902
laing,73,la ing,2902
lanarkshire,73,lanark shire,2902
pembrokeshire,73,pembroke shire,2902
playmaker,73,play maker,2902
pringle,73,pr ingle,2902
stapleton,73,staple ton,2902
tribeca,73,tribe ca,2902
westgate,73,west gate,2902
wingman,73,wing man,2902
wonka,73,won ka,2902
ackerman,73,ac kerman,2902
ayres,73,ayr es,2902
dota,73,do ta,2902
endo,73,en do,2902
idlib,73,id lib,2902
leela,73,lee la,2902
sinha,73,sin ha,2902
starfleet,73,star fleet,2902
tebow,73,te bow,2902
walla,73,wal la,2902
washburn,73,wash burn,2902
woodford,73,wood ford,2902
dunkin,73,dun kin,2902
freeport,73,free port,2902
gamestop,73,gam estop,2902
livestream,73,live stream,2902
witherspoon,73,wither spoon,2902
caulfield,73,caul field,2902
everyones,73,every ones,2902
frodo,73,fro do,2902
ganga,73,gan ga,2902
matchups,73,match ups,2902
monash,73,mo nash,2902
setlist,73,set list,2902
thanos,73,than os,2902
treehouse,73,tree house,2902
waltham,73,walt ham,2902
watertown,73,water town,2902
woodbury,73,wood bury,2902
kohler,73,kohl er,2902
pooja,73,poo ja,2902
tripadvisor,73,trip advisor,2902
norwalk,73,nor walk,2902
headshot,73,head shot,2902
soulmate,73,soul mate,2902
okcupid,72,ok cupid,2863
torre,72,tor re,2863
acta,72,ac ta,2863
alla,72,al la,2863
antoni,72,an toni,2863
annan,72,an nan,2863
manoeuvres,72,man oeuvres,2863
bashar,72,bash ar,2863
dios,72,di os,2863
balmain,72,balm ain,2863
coeur,72,co eur,2863
barra,72,bar ra,2863
deir,72,de ir,2863
habib,72,ha bib,2863
madre,72,mad re,2863
mala,72,ma la,2863
messrs,72,mess rs,2863
remo,72,re mo,2863
sacha,72,sac ha,2863
whitby,72,whit by,2863
inglis,72,ing lis,2863
jamieson,72,jamie son,2863
vigour,72,vigo ur,2863
barcode,72,bar code,2863
fein,72,fe in,2863
tien,72,ti en,2863
widescreen,72,wide screen,2863
ansi,72,an si,2863
beattie,72,beat tie,2863
blackman,72,black man,2863
connell,72,con nell,2863
gamecube,72,game cube,2863
katya,72,kat ya,2863
lifecycle,72,life cycle,2863
lumia,72,lu mia,2863
manus,72,ma nus,2863
maru,72,ma ru,2863
mbps,72,mb ps,2863
nene,72,ne ne,2863
reiner,72,rein er,2863
searchable,72,search able,2863
selina,72,se lina,2863
sina,72,si na,2863
teague,72,te ague,2863
adamson,72,adam son,2863
baer,72,ba er,2863
callin,72,cal lin,2863
douchebag,72,douche bag,2863
fairmont,72,fair mont,2863
heaton,72,he aton,2863
hongkong,72,hong kong,2863
hutchins,72,hut chins,2863
keanu,72,kea nu,2863
macklemore,72,mackle more,2863
maha,72,ma ha,2863
mecha,72,me cha,2863
metcalf,72,met calf,2863
mossad,72,moss ad,2863
overton,72,over ton,2863
sheng,72,sh eng,2863
shoutout,72,shout out,2863
coburn,72,co burn,2863
makoto,72,ma koto,2863
battersea,72,batter sea,2863
blowjobs,72,blow jobs,2863
comstock,72,com stock,2863
jamison,72,jami son,2863
landis,72,land is,2863
magee,72,ma gee,2863
mavs,72,ma vs,2863
punisher,72,punish er,2863
regs,72,re gs,2863
timberwolves,72,timber wolves,2863
asha,72,as ha,2863
joes,72,jo es,2863
kidman,72,kid man,2863
masala,72,mas ala,2863
rebrand,72,re brand,2863
rebranding,72,re branding,2863
whistleblowers,72,whistle blowers,2863
fairview,72,fair view,2863
smithfield,72,smith field,2863
adderall,72,adder all,2863
ramping,72,ram ping,2863
scripps,72,scrip ps,2863
devs,72,de vs,2863
usernames,72,user names,2863
groupon,72,group on,2863
hander,72,hand er,2863
goodreads,71,goo dreads,2824
sainte,71,sain te,2824
libre,71,lib re,2824
gustave,71,gust ave,2824
osce,71,os ce,2824
romain,71,rom ain,2824
cometh,71,com eth,2824
martino,71,marti no,2824
moritz,71,mo ritz,2824
albrecht,71,al brecht,2824
ahmet,71,ah met,2824
goran,71,go ran,2824
alamos,71,al amos,2824
finlay,71,fin lay,2824
lookup,71,look up,2824
rfid,71,rf id,2824
solange,71,solan ge,2824
thon,71,th on,2824
askin,71,as kin,2824
mesut,71,mes ut,2824
geno,71,ge no,2824
giggs,71,gig gs,2824
innes,71,inn es,2824
killin,71,kill in,2824
levinson,71,le vinson,2824
moma,71,mo ma,2824
tandy,71,tan dy,2824
broughton,71,brought on,2824
cale,71,ca le,2824
coyle,71,coy le,2824
dugan,71,du gan,2824
eldridge,71,eld ridge,2824
kaur,71,ka ur,2824
loma,71,lo ma,2824
noonan,71,noon an,2824
overthinking,71,over thinking,2824
stepdad,71,step dad,2824
tyra,71,ty ra,2824
ahold,71,ah old,2824
asif,71,as if,2824
bangers,71,ban gers,2824
clapham,71,clap ham,2824
farrah,71,far rah,2824
hakeem,71,hake em,2824
hatton,71,hat ton,2824
jaya,71,ja ya,2824
marston,71,mars ton,2824
medi,71,me di,2824
neale,71,ne ale,2824
reston,71,rest on,2824
woodside,71,wood side,2824
cigs,71,ci gs,2824
lenox,71,len ox,2824
marlow,71,mar low,2824
pacs,71,pa cs,2824
realtime,71,real time,2824
tipton,71,tip ton,2824
shanahan,71,shana han,2824
bangla,71,bang la,2824
binghamton,71,bingham ton,2824
hist,71,hi st,2824
littleton,71,little ton,2824
muay,71,mu ay,2824
stillwater,71,still water,2824
callaway,71,call away,2824
counterterrorism,71,counter terrorism,2824
fulltime,71,full time,2824
loughborough,71,lough borough,2824
bootcamp,71,boot camp,2824
odisha,71,odis ha,2824
salesforce,71,sales force,2824
backend,71,back end,2824
ashok,70,ash ok,2785
pers,70,pe rs,2785
norte,70,no rte,2785
roleplay,70,role play,2785
durand,70,du rand,2785
reina,70,re ina,2785
aime,70,ai me,2785
comme,70,co mme,2785
etat,70,et at,2785
rainer,70,rain er,2785
reus,70,re us,2785
segal,70,se gal,2785
const,70,con st,2785
emphasises,70,emphasis es,2785
pilar,70,pi lar,2785
thunderbirds,70,thunder birds,2785
hors,70,ho rs,2785
peres,70,per es,2785
stahl,70,sta hl,2785
fernandes,70,fern andes,2785
geforce,70,ge force,2785
issn,70,is sn,2785
jeddah,70,jed dah,2785
katarina,70,katar ina,2785
neilson,70,neil son,2785
noam,70,no am,2785
esta,70,es ta,2785
kita,70,ki ta,2785
robben,70,rob ben,2785
bastian,70,bast ian,2785
cech,70,ce ch,2785
cesc,70,ce sc,2785
chara,70,ch ara,2785
demarco,70,de marco,2785
denham,70,den ham,2785
diggs,70,dig gs,2785
dipshit,70,dip shit,2785
nooo,70,no oo,2785
okada,70,ok ada,2785
sona,70,so na,2785
tryna,70,try na,2785
yamato,70,yama to,2785
boland,70,bol and,2785
coughlin,70,cough lin,2785
cumberbatch,70,cumber batch,2785
fanart,70,fan art,2785
gannon,70,gan non,2785
hadi,70,ha di,2785
kath,70,ka th,2785
kutcher,70,kutch er,2785
mdma,70,md ma,2785
newsnight,70,news night,2785
niners,70,nine rs,2785
notts,70,not ts,2785
pedo,70,pe do,2785
pomeroy,70,pome roy,2785
pryce,70,pry ce,2785
spector,70,spec tor,2785
vegeta,70,veg eta,2785
whiteside,70,white side,2785
willian,70,will ian,2785
addy,70,ad dy,2785
atty,70,at ty,2785
battlestar,70,battle star,2785
bristow,70,bris tow,2785
datasets,70,data sets,2785
gwyneth,70,gwyn eth,2785
infront,70,in front,2785
katana,70,ka tana,2785
laughlin,70,laugh lin,2785
nath,70,na th,2785
pippa,70,pip pa,2785
rajan,70,ra jan,2785
rawls,70,raw ls,2785
scarface,70,scar face,2785
whitmore,70,whit more,2785
braden,70,br aden,2785
butterfield,70,butter field,2785
hallam,70,hal lam,2785
nami,70,na mi,2785
skylar,70,sky lar,2785
eastside,70,east side,2785
glamorgan,70,glam organ,2785
nutella,70,nut ella,2785
skyrim,70,sky rim,2785
wellcome,70,well come,2785
adair,70,ad air,2785
gaba,70,ga ba,2785
mashup,70,mash up,2785
snes,70,sn es,2785
alli,70,al li,2785
suresh,70,sure sh,2785
driverless,70,driver less,2785
epigenetic,70,epigene tic,2785
spacetime,70,space time,2785
fanfiction,70,fan fiction,2785
repurposed,70,re purposed,2785
leyland,70,ley land,2785
pornstar,70,porn star,2785
roleplaying,70,role playing,2785
cagr,69,ca gr,2746
presse,69,pr esse,2746
dumont,69,du mont,2746
materiel,69,mate riel,2746
martine,69,mar tine,2746
tierra,69,tier ra,2746
fait,69,fa it,2746
jordi,69,jor di,2746
lise,69,li se,2746
adel,69,ad el,2746
alle,69,al le,2746
marchand,69,marc hand,2746
mille,69,mil le,2746
cris,69,cr is,2746
anni,69,an ni,2746
asahi,69,asa hi,2746
cano,69,ca no,2746
digby,69,dig by,2746
hani,69,ha ni,2746
rudi,69,ru di,2746
conti,69,con ti,2746
gillis,69,gil lis,2746
hoyer,69,ho yer,2746
ortho,69,or tho,2746
shimon,69,shim on,2746
sisi,69,si si,2746
belcher,69,bel cher,2746
copd,69,co pd,2746
hanlon,69,han lon,2746
leica,69,lei ca,2746
mondo,69,mon do,2746
redesignated,69,re designated,2746
rockland,69,rock land,2746
spooner,69,spoon er,2746
underserved,69,under served,2746
villanova,69,villa nova,2746
yahya,69,yah ya,2746
bron,69,br on,2746
brookes,69,brook es,2746
brownlow,69,brown low,2746
bullseye,69,bulls eye,2746
fallin,69,fall in,2746
fightin,69,fight in,2746
krause,69,kra use,2746
loftus,69,loft us,2746
lovejoy,69,love joy,2746
majid,69,maj id,2746
mami,69,ma mi,2746
mccallum,69,mccall um,2746
miki,69,mi ki,2746
muhammed,69,mu hammed,2746
nasir,69,na sir,2746
rewatching,69,re watching,2746
smalling,69,small ing,2746
starks,69,st arks,2746
tama,69,ta ma,2746
colman,69,col man,2746
condon,69,con don,2746
cosgrove,69,cos grove,2746
hightower,69,high tower,2746
hoskins,69,ho skins,2746
kala,69,ka la,2746
mayhew,69,may hew,2746
ansari,69,an sari,2746
ansel,69,ans el,2746
basingstoke,69,basing stoke,2746
bonham,69,bon ham,2746
duckworth,69,duck worth,2746
eames,69,ea mes,2746
gangnam,69,gang nam,2746
greenleaf,69,green leaf,2746
greenwald,69,green wald,2746
kata,69,ka ta,2746
kristian,69,kristi an,2746
lewin,69,le win,2746
mgmt,69,mg mt,2746
neverland,69,never land,2746
nist,69,ni st,2746
norah,69,no rah,2746
oxley,69,ox ley,2746
pandey,69,pan dey,2746
shanti,69,sh anti,2746
westeros,69,west eros,2746
womack,69,wo mack,2746
brentford,69,brent ford,2746
catwoman,69,cat woman,2746
dancehall,69,dance hall,2746
fenwick,69,fen wick,2746
griswold,69,gris wold,2746
horan,69,ho ran,2746
kimmy,69,kim my,2746
metlife,69,met life,2746
mixtapes,69,mix tapes,2746
needham,69,need ham,2746
parkour,69,park our,2746
raya,69,ra ya,2746
simi,69,si mi,2746
tencent,69,ten cent,2746
amped,69,amp ed,2746
eren,69,er en,2746
holo,69,ho lo,2746
kagan,69,ka gan,2746
sardar,69,sard ar,2746
topshop,69,top shop,2746
belive,69,be live,2746
blackrock,69,black rock,2746
greenway,69,green way,2746
stasi,69,sta si,2746
amma,69,am ma,2746
aren,69,ar en,2746
menlo,69,men lo,2746
witcher,69,wit cher,2746
dekalb,69,de kalb,2746
facetime,69,face time,2746
reposted,69,re posted,2746
matlab,69,mat lab,2746
pornstars,69,porn stars,2746
umass,69,um ass,2746
tion,69,ti on,2746
cashback,69,cash back,2746
walkthrough,69,walk through,2746
nationale,68,nation ale,2707
belarusian,68,belarus ian,2707
delle,68,del le,2707
parte,68,pa rte,2707
beauchamp,68,beau champ,2707
haus,68,ha us,2707
parti,68,par ti,2707
carrera,68,carr era,2707
aeroplanes,68,aero planes,2707
chantal,68,chant al,2707
frans,68,fr ans,2707
tarrant,68,tar rant,2707
elan,68,el an,2707
ivanov,68,iva nov,2707
conde,68,con de,2707
lapis,68,la pis,2707
maryam,68,mar yam,2707
quintana,68,quin tana,2707
gaon,68,ga on,2707
parkes,68,park es,2707
postsecondary,68,post secondary,2707
webcams,68,web cams,2707
wolfsburg,68,wolfs burg,2707
grier,68,gr ier,2707
linkin,68,lin kin,2707
malek,68,ma lek,2707
nicol,68,ni col,2707
popup,68,po pup,2707
sativa,68,sat iva,2707
spitzer,68,spitz er,2707
takashi,68,takas hi,2707
urls,68,ur ls,2707
bachmann,68,bach mann,2707
bloodborne,68,blood borne,2707
cryin,68,cr yin,2707
haru,68,ha ru,2707
kerrigan,68,kerri gan,2707
killian,68,kill ian,2707
masha,68,mas ha,2707
notting,68,not ting,2707
salma,68,sal ma,2707
searle,68,sear le,2707
wook,68,wo ok,2707
appleby,68,apple by,2707
bullard,68,bul lard,2707
butterworth,68,butter worth,2707
charing,68,cha ring,2707
chica,68,chi ca,2707
denison,68,denis on,2707
durbin,68,dur bin,2707
hawes,68,haw es,2707
operandi,68,ope randi,2707
ronin,68,ron in,2707
semper,68,sem per,2707
shipley,68,ship ley,2707
warne,68,war ne,2707
baillie,68,bail lie,2707
beckman,68,beck man,2707
cady,68,ca dy,2707
chillin,68,chill in,2707
ender,68,end er,2707
entree,68,en tree,2707
eyewear,68,eye wear,2707
griggs,68,grig gs,2707
meera,68,me era,2707
rashad,68,ra shad,2707
sibley,68,sib ley,2707
supercars,68,super cars,2707
talib,68,ta lib,2707
univision,68,uni vision,2707
asst,68,as st,2707
bottas,68,bott as,2707
brea,68,br ea,2707
longman,68,long man,2707
wechat,68,we chat,2707
aerosmith,68,aero smith,2707
charlestown,68,charles town,2707
elkins,68,elk ins,2707
jayden,68,jay den,2707
kiran,68,ki ran,2707
kirkwood,68,kirk wood,2707
retweets,68,re tweets,2707
hempstead,68,hemp stead,2707
joshi,68,jos hi,2707
pittsburg,68,pitts burg,2707
pushback,68,push back,2707
woohoo,68,woo hoo,2707
grassley,68,grass ley,2707
lynchburg,68,lynch burg,2707
ramesh,68,ra mesh,2707
uptime,68,up time,2707
cardi,68,car di,2707
plainfield,68,plain field,2707
metoo,67,me too,2668
dieu,67,di eu,2668
borealis,67,boreal is,2668
bernier,67,bern ier,2668
cava,67,ca va,2668
michal,67,mic hal,2668
radeon,67,ra deon,2668
solaris,67,solar is,2668
augusto,67,au gusto,2668
init,67,in it,2668
nusra,67,nu sra,2668
oliveira,67,olive ira,2668
chien,67,chi en,2668
flor,67,fl or,2668
pieter,67,piet er,2668
mansour,67,man sour,2668
moya,67,mo ya,2668
sein,67,se in,2668
artur,67,art ur,2668
jardin,67,jar din,2668
johansen,67,jo hansen,2668
maradona,67,mara dona,2668
shem,67,sh em,2668
cappella,67,cap pella,2668
lobos,67,lob os,2668
poli,67,po li,2668
vieira,67,vie ira,2668
bram,67,br am,2668
butthurt,67,butt hurt,2668
cartman,67,cart man,2668
chapo,67,ch apo,2668
chatsworth,67,chats worth,2668
danforth,67,dan forth,2668
emphasising,67,emphasis ing,2668
gilroy,67,gil roy,2668
henrique,67,henri que,2668
hiller,67,hill er,2668
rahim,67,ra him,2668
singin,67,sin gin,2668
airforce,67,air force,2668
blackadder,67,black adder,2668
cece,67,ce ce,2668
coen,67,co en,2668
drax,67,dr ax,2668
drinkin,67,drin kin,2668
eatin,67,ea tin,2668
fagan,67,fa gan,2668
goodwood,67,good wood,2668
hillman,67,hill man,2668
jaden,67,ja den,2668
keychain,67,key chain,2668
kraus,67,kr aus,2668
lian,67,li an,2668
lowkey,67,low key,2668
myer,67,my er,2668
nots,67,no ts,2668
rafe,67,ra fe,2668
raina,67,ra ina,2668
woollen,67,wool len,2668
yamada,67,yam ada,2668
adama,67,ada ma,2668
bagley,67,ba gley,2668
brownlee,67,brown lee,2668
ciara,67,ci ara,2668
hendry,67,hen dry,2668
hitchens,67,hitch ens,2668
holyrood,67,holy rood,2668
jameis,67,jame is,2668
quaid,67,qua id,2668
seatbelts,67,seat belts,2668
sharepoint,67,share point,2668
wipeout,67,wipe out,2668
ashleigh,67,ash leigh,2668
bandai,67,band ai,2668
dinesh,67,dine sh,2668
evers,67,eve rs,2668
furman,67,fur man,2668
gurley,67,gur ley,2668
homeworld,67,home world,2668
mahi,67,ma hi,2668
obispo,67,obis po,2668
peckham,67,peck ham,2668
powerlifting,67,power lifting,2668
redman,67,red man,2668
satya,67,sat ya,2668
tsai,67,ts ai,2668
winterfell,67,winter fell,2668
atticus,67,attic us,2668
backcountry,67,back country,2668
chapin,67,cha pin,2668
conklin,67,conk lin,2668
genesee,67,gene see,2668
herndon,67,hern don,2668
kenobi,67,ken obi,2668
longterm,67,long term,2668
najib,67,na jib,2668
personhood,67,person hood,2668
winless,67,win less,2668
berkley,67,berk ley,2668
beto,67,be to,2668
crit,67,cr it,2668
moana,67,mo ana,2668
namaste,67,nama ste,2668
nast,67,na st,2668
newberry,67,new berry,2668
rahm,67,ra hm,2668
hadid,67,ha did,2668
harpercollins,67,harper collins,2668
penrose,67,pen rose,2668
southgate,67,south gate,2668
underperforming,67,under performing,2668
worthing,67,worth ing,2668
asbury,67,as bury,2668
legos,67,leg os,2668
mattis,67,matt is,2668
noob,67,no ob,2668
northside,67,north side,2668
quidditch,67,quid ditch,2668
subprime,67,sub prime,2668
elmore,67,el more,2668
infact,67,in fact,2668
warhammer,67,war hammer,2668
licensure,67,li censure,2668
bandcamp,67,band camp,2668
redox,67,red ox,2668
wikimedia,67,wiki media,2668
puja,67,pu ja,2668
cllr,67,cl lr,2668
backlinks,66,back links,2629
paulsen,66,paul sen,2629
powershell,66,power shell,2629
workaround,66,work around,2629
stade,66,sta de,2629
ecole,66,eco le,2629
pere,66,pe re,2629
nuttall,66,nut tall,2629
pinus,66,pi nus,2629
grosse,66,gros se,2629
ryanair,66,rya nair,2629
cour,66,co ur,2629
powerball,66,power ball,2629
corso,66,cor so,2629
femmes,66,fe mmes,2629
assoc,66,as soc,2629
remi,66,re mi,2629
arif,66,ar if,2629
bergeron,66,berger on,2629
tera,66,te ra,2629
vadim,66,va dim,2629
germaine,66,ger maine,2629
gurion,66,gur ion,2629
marwan,66,mar wan,2629
shayne,66,shay ne,2629
allo,66,al lo,2629
boulton,66,boult on,2629
buckland,66,buck land,2629
cockburn,66,cock burn,2629
gerd,66,ge rd,2629
hala,66,ha la,2629
intergenerational,66,inter generational,2629
puttin,66,put tin,2629
thornhill,66,thorn hill,2629
walther,66,walt her,2629
costas,66,cost as,2629
dorn,66,do rn,2629
gooch,66,go och,2629
ince,66,in ce,2629
paulina,66,pau lina,2629
spyware,66,spy ware,2629
watchin,66,wat chin,2629
cargill,66,car gill,2629
conlon,66,con lon,2629
demeanour,66,demean our,2629
epps,66,ep ps,2629
fisted,66,fist ed,2629
garber,66,garb er,2629
gots,66,go ts,2629
halloran,66,hal loran,2629
indi,66,in di,2629
jabbar,66,jab bar,2629
keepin,66,keep in,2629
kiefer,66,kief er,2629
madsen,66,mad sen,2629
martell,66,mar tell,2629
oakes,66,oak es,2629
raines,66,ra ines,2629
stormwater,66,storm water,2629
whitlock,66,whit lock,2629
amiibo,66,ami ibo,2629
aviva,66,av iva,2629
baca,66,ba ca,2629
boardman,66,board man,2629
bogut,66,bog ut,2629
contactless,66,con tactless,2629
creeped,66,creep ed,2629
crowell,66,crow ell,2629
fishman,66,fish man,2629
gogo,66,go go,2629
gopal,66,go pal,2629
haden,66,ha den,2629
hein,66,he in,2629
javed,66,jav ed,2629
jihadis,66,jihad is,2629
jordy,66,jor dy,2629
knightley,66,knight ley,2629
leed,66,le ed,2629
masterson,66,master son,2629
negan,66,ne gan,2629
oldman,66,old man,2629
oreos,66,or eos,2629
orgs,66,or gs,2629
sanborn,66,san born,2629
starcraft,66,star craft,2629
summerslam,66,summer slam,2629
trippin,66,trip pin,2629
waldron,66,wald ron,2629
backline,66,back line,2629
blowback,66,blow back,2629
clickbait,66,click bait,2629
inman,66,in man,2629
mera,66,me ra,2629
moreton,66,more ton,2629
mowbray,66,mow bray,2629
ramones,66,ram ones,2629
reardon,66,rear don,2629
rearview,66,rear view,2629
rumi,66,ru mi,2629
winehouse,66,wine house,2629
bioshock,66,bios hock,2629
howes,66,how es,2629
kwame,66,kwa me,2629
lightbulb,66,light bulb,2629
morgantown,66,morgan town,2629
muni,66,mu ni,2629
oreal,66,ore al,2629
stockbridge,66,stock bridge,2629
uplink,66,up link,2629
corwin,66,cor win,2629
holi,66,ho li,2629
jalen,66,ja len,2629
linde,66,lin de,2629
postgame,66,post game,2629
sandberg,66,sand berg,2629
schooler,66,school er,2629
shoreditch,66,shore ditch,2629
silverado,66,silver ado,2629
wizarding,66,wizard ing,2629
stepmom,66,step mom,2629
towne,66,tow ne,2629
danbury,66,dan bury,2629
elses,66,els es,2629
retweet,66,re tweet,2629
towson,66,tow son,2629
hanford,66,han ford,2629
windham,66,wind ham,2629
curveball,66,curve ball,2629
bollinger,66,bol linger,2629
corporates,66,corp orates,2629
handjob,66,hand job,2629
montclair,66,mont clair,2629
roblox,66,rob lox,2629
softbank,66,soft bank,2629
braintree,66,brain tree,2629
womans,65,wo mans,2590
adsense,65,ad sense,2590
adwords,65,ad words,2590
airtel,65,airt el,2590
bodyweight,65,body weight,2590
cortana,65,cor tana,2590
dmca,65,dm ca,2590
infographics,65,info graphics,2590
litecoin,65,lite coin,2590
manchin,65,man chin,2590
metroid,65,metro id,2590
morristown,65,morris town,2590
noida,65,no ida,2590
npcs,65,np cs,2590
ransomware,65,ransom ware,2590
augustin,65,august in,2590
nach,65,na ch,2590
nueva,65,nu eva,2590
vasco,65,vas co,2590
interagency,65,inter agency,2590
manolo,65,ma nolo,2590
marais,65,mar ais,2590
noire,65,no ire,2590
chrono,65,chr ono,2590
resp,65,re sp,2590
sobre,65,sob re,2590
superfast,65,super fast,2590
valverde,65,val verde,2590
paola,65,pa ola,2590
ethno,65,eth no,2590
giroux,65,gi roux,2590
majlis,65,maj lis,2590
tintin,65,tin tin,2590
valery,65,vale ry,2590
maier,65,ma ier,2590
amina,65,am ina,2590
dura,65,du ra,2590
horizonte,65,horizon te,2590
mariam,65,mari am,2590
niels,65,ni els,2590
renato,65,rena to,2590
supersport,65,super sport,2590
walid,65,wal id,2590
antonin,65,anton in,2590
feliz,65,fe liz,2590
fortran,65,for tran,2590
goaltending,65,goal tending,2590
itis,65,it is,2590
labours,65,lab ours,2590
pina,65,pi na,2590
renata,65,rena ta,2590
scanlon,65,scan lon,2590
theodor,65,the odor,2590
tous,65,to us,2590
yonge,65,yon ge,2590
alessandra,65,ales sandra,2590
cska,65,cs ka,2590
dancefloor,65,dance floor,2590
xeon,65,xe on,2590
atwater,65,at water,2590
bowes,65,bow es,2590
chipset,65,chip set,2590
chitty,65,chit ty,2590
gillard,65,gil lard,2590
gohan,65,go han,2590
herrmann,65,herr mann,2590
jardine,65,jar dine,2590
lakeshore,65,lake shore,2590
marbella,65,mar bella,2590
milli,65,mil li,2590
navas,65,na vas,2590
redfern,65,red fern,2590
stormont,65,stor mont,2590
backflip,65,back flip,2590
fortescue,65,fortes cue,2590
geraldo,65,ger aldo,2590
hardman,65,hard man,2590
heyward,65,hey ward,2590
hollyoaks,65,holly oaks,2590
informations,65,in formations,2590
lindley,65,lind ley,2590
mahan,65,ma han,2590
mathers,65,mat hers,2590
pala,65,pa la,2590
seein,65,see in,2590
worldnews,65,world news,2590
abra,65,ab ra,2590
gini,65,gi ni,2590
gotti,65,got ti,2590
heinemann,65,heine mann,2590
kickin,65,kick in,2590
liddell,65,lid dell,2590
lupita,65,lu pita,2590
moreland,65,more land,2590
paget,65,pa get,2590
riddick,65,rid dick,2590
ridin,65,rid in,2590
vardy,65,var dy,2590
allman,65,all man,2590
asad,65,as ad,2590
batmobile,65,bat mobile,2590
boateng,65,boat eng,2590
brantley,65,brant ley,2590
cowen,65,co wen,2590
edmondson,65,edmond son,2590
fete,65,fe te,2590
gleeson,65,glee son,2590
howland,65,how land,2590
indio,65,ind io,2590
ings,65,in gs,2590
keeler,65,keel er,2590
leadoff,65,lea doff,2590
ltte,65,lt te,2590
mariota,65,mar iota,2590
mothership,65,mother ship,2590
overthink,65,over think,2590
perf,65,pe rf,2590
pleaser,65,pleas er,2590
rucker,65,ruck er,2590
solomons,65,solo mons,2590
usman,65,us man,2590
wolfson,65,wolf son,2590
bento,65,ben to,2590
chand,65,ch and,2590
crosshairs,65,cross hairs,2590
franky,65,fran ky,2590
haymarket,65,hay market,2590
hyland,65,hyla nd,2590
ingham,65,ing ham,2590
mandi,65,man di,2590
morehouse,65,mo rehouse,2590
nightwing,65,night wing,2590
prez,65,pr ez,2590
reposting,65,re posting,2590
seeley,65,see ley,2590
tyneside,65,tyne side,2590
wagga,65,wag ga,2590
batgirl,65,bat girl,2590
downes,65,down es,2590
jetpack,65,jet pack,2590
sich,65,si ch,2590
bandmates,65,band mates,2590
brookline,65,brook line,2590
chromebook,65,chrome book,2590
hobbits,65,hob bits,2590
khanna,65,khan na,2590
lightfoot,65,light foot,2590
menon,65,me non,2590
midseason,65,mid season,2590
monahan,65,mona han,2590
paltrow,65,pal trow,2590
passcode,65,pass code,2590
playthrough,65,play through,2590
ruger,65,ru ger,2590
chromecast,65,chrome cast,2590
grindr,65,grin dr,2590
hela,65,he la,2590
lucasfilm,65,lucas film,2590
palgrave,65,pal grave,2590
pickens,65,pic kens,2590
xena,65,xe na,2590
bayside,65,bay side,2590
homeownership,65,home ownership,2590
northfield,65,north field,2590
pasco,65,pas co,2590
webcomic,65,web comic,2590
airpods,65,air pods,2590
bachchan,65,bach chan,2590
crowdsourcing,65,crowd sourcing,2590
deerfield,65,deer field,2590
kickass,65,kick ass,2590
lowes,65,low es,2590
prosecco,65,pro secco,2590
framingham,65,framing ham,2590
lakeview,65,lake view,2590
homebrew,64,home brew,2551
homebuyers,64,home buyers,2551
lionsgate,64,lions gate,2551
meetups,64,meet ups,2551
nicu,64,ni cu,2551
twinks,64,twin ks,2551
maxime,64,maxi me,2551
josep,64,jos ep,2551
ariane,64,aria ne,2551
renard,64,re nard,2551
rigour,64,rig our,2551
hamad,64,ha mad,2551
lepage,64,le page,2551
scheer,64,sc heer,2551
alon,64,al on,2551
pino,64,pi no,2551
sandor,64,san dor,2551
spina,64,sp ina,2551
franca,64,fran ca,2551
heli,64,he li,2551
chau,64,ch au,2551
cormier,64,corm ier,2551
lacs,64,la cs,2551
anja,64,an ja,2551
drago,64,dr ago,2551
viejo,64,vie jo,2551
codec,64,co dec,2551
jetta,64,jet ta,2551
latif,64,lat if,2551
loca,64,lo ca,2551
morten,64,mort en,2551
sandford,64,sand ford,2551
shing,64,sh ing,2551
stepan,64,ste pan,2551
tempore,64,temp ore,2551
westin,64,west in,2551
yara,64,ya ra,2551
ander,64,and er,2551
hoshi,64,hos hi,2551
lolo,64,lo lo,2551
maeve,64,ma eve,2551
pullin,64,pul lin,2551
stayin,64,st ayin,2551
tuan,64,tu an,2551
asada,64,as ada,2551
ashworth,64,ash worth,2551
beltran,64,bel tran,2551
bernal,64,bern al,2551
capa,64,ca pa,2551
chaka,64,ch aka,2551
donbass,64,don bass,2551
haskins,64,ha skins,2551
matcha,64,mat cha,2551
materia,64,mate ria,2551
natalya,64,natal ya,2551
pashtun,64,pash tun,2551
shitless,64,shit less,2551
warburg,64,war burg,2551
yost,64,yo st,2551
bridgestone,64,bridge stone,2551
elmira,64,el mira,2551
faris,64,far is,2551
inhumans,64,in humans,2551
kandi,64,kan di,2551
nighter,64,night er,2551
stoners,64,stone rs,2551
thay,64,th ay,2551
tomi,64,to mi,2551
treadwell,64,tread well,2551
waddell,64,wad dell,2551
diplo,64,dip lo,2551
filename,64,file name,2551
finsbury,64,fins bury,2551
kingman,64,king man,2551
moores,64,mo ores,2551
perthshire,64,perth shire,2551
renton,64,rent on,2551
seaton,64,se aton,2551
tegan,64,te gan,2551
arianna,64,arian na,2551
bunbury,64,bun bury,2551
canelo,64,cane lo,2551
corden,64,cor den,2551
coyne,64,coy ne,2551
crunchyroll,64,crunchy roll,2551
dodgeball,64,dodge ball,2551
epping,64,ep ping,2551
halen,64,ha len,2551
mair,64,ma ir,2551
northridge,64,north ridge,2551
shriver,64,sh river,2551
ashwin,64,ash win,2551
bauman,64,baum an,2551
exceptionalism,64,exceptional ism,2551
gallatin,64,gal latin,2551
holyoke,64,holy oke,2551
ingraham,64,in graham,2551
rulebook,64,rule book,2551
sharpton,64,sharp ton,2551
tunbridge,64,tun bridge,2551
bridgend,64,bridge nd,2551
topps,64,top ps,2551
woodhead,64,wood head,2551
yellen,64,yell en,2551
airsoft,64,air soft,2551
iras,64,ir as,2551
scotts,64,scot ts,2551
varun,64,va run,2551
weeknd,64,week nd,2551
woking,64,wo king,2551
thinkpad,64,think pad,2551
johnstown,64,johns town,2551
podcasting,64,pod casting,2551
aliexpress,63,ali express,2512
coinbase,63,coin base,2512
headshots,63,head shots,2512
hilo,63,hi lo,2512
spartanburg,63,spartan burg,2512
addon,63,ad don,2512
bariatric,63,bar iatric,2512
binance,63,bi nance,2512
carrollton,63,carroll ton,2512
changi,63,chan gi,2512
countertop,63,counter top,2512
digi,63,di gi,2512
fisting,63,fist ing,2512
jetblue,63,jet blue,2512
lagi,63,la gi,2512
lightroom,63,light room,2512
madi,63,ma di,2512
nand,63,na nd,2512
newsom,63,new som,2512
oakwood,63,oak wood,2512
peachtree,63,peach tree,2512
redshirt,63,red shirt,2512
reimagined,63,re imagined,2512
rnas,63,rn as,2512
trailhead,63,trail head,2512
chapelle,63,chapel le,2512
mahon,63,ma hon,2512
tinto,63,tin to,2512
maja,63,ma ja,2512
ramallah,63,ram allah,2512
caron,63,ca ron,2512
christiane,63,christi ane,2512
morningstar,63,morning star,2512
pham,63,ph am,2512
absentia,63,absent ia,2512
guardia,63,guard ia,2512
meer,63,me er,2512
mers,63,me rs,2512
pattison,63,patti son,2512
sportsnet,63,sports net,2512
abbotsford,63,abbots ford,2512
carpe,63,car pe,2512
neel,63,ne el,2512
ayrton,63,ayr ton,2512
vulgaris,63,vulgar is,2512
longo,63,lon go,2512
ansar,63,ans ar,2512
bitrate,63,bit rate,2512
cond,63,co nd,2512
dede,63,de de,2512
haye,63,ha ye,2512
nagel,63,na gel,2512
parra,63,par ra,2512
seguin,63,se guin,2512
smithers,63,smit hers,2512
australis,63,austral is,2512
haddad,63,had dad,2512
macrae,63,mac rae,2512
mitre,63,mit re,2512
papier,63,pa pier,2512
phan,63,ph an,2512
abdi,63,ab di,2512
baskin,63,ba skin,2512
bild,63,bi ld,2512
coldwater,63,cold water,2512
hoya,63,ho ya,2512
ifrs,63,if rs,2512
karting,63,kart ing,2512
kass,63,ka ss,2512
kenwood,63,ken wood,2512
timo,63,ti mo,2512
tino,63,ti no,2512
ailes,63,ai les,2512
alderson,63,alder son,2512
aldous,63,aldo us,2512
amara,63,am ara,2512
cavani,63,cav ani,2512
dela,63,de la,2512
eamon,63,ea mon,2512
fucken,63,fuck en,2512
gitmo,63,git mo,2512
goddamnit,63,goddam nit,2512
jafar,63,ja far,2512
jumpin,63,jump in,2512
kingsbury,63,kings bury,2512
kruse,63,kr use,2512
malala,63,ma lala,2512
mandel,63,man del,2512
milliken,63,mil liken,2512
nabi,63,na bi,2512
naka,63,na ka,2512
warzone,63,war zone,2512
weblog,63,we blog,2512
babyface,63,baby face,2512
bachman,63,bach man,2512
beckwith,63,beck with,2512
berners,63,berne rs,2512
cormac,63,cor mac,2512
cudi,63,cu di,2512
govan,63,go van,2512
henan,63,he nan,2512
henshaw,63,hen shaw,2512
humpty,63,hump ty,2512
kamara,63,ka mara,2512
lingard,63,lin gard,2512
mortis,63,mort is,2512
partick,63,par tick,2512
tilapia,63,til apia,2512
utley,63,ut ley,2512
acct,63,ac ct,2512
alls,63,al ls,2512
baka,63,ba ka,2512
bana,63,ba na,2512
bankstown,63,banks town,2512
bellator,63,bella tor,2512
bitchin,63,bit chin,2512
doon,63,do on,2512
emmerdale,63,emmer dale,2512
frome,63,fro me,2512
geotechnical,63,geo technical,2512
greenlight,63,green light,2512
harker,63,hark er,2512
harkness,63,hark ness,2512
hashim,63,ha shim,2512
hodor,63,ho dor,2512
hornby,63,horn by,2512
jessup,63,jess up,2512
kemper,63,kemp er,2512
kyra,63,ky ra,2512
libor,63,lib or,2512
machina,63,ma china,2512
madera,63,mad era,2512
moyer,63,mo yer,2512
neely,63,ne ely,2512
nickelback,63,nickel back,2512
nother,63,not her,2512
padma,63,pad ma,2512
poppin,63,pop pin,2512
qian,63,qi an,2512
shawshank,63,shaw shank,2512
skynet,63,sky net,2512
sunbury,63,sun bury,2512
titanfall,63,titan fall,2512
uhuru,63,uh uru,2512
whitworth,63,whit worth,2512
wilders,63,wilde rs,2512
beatle,63,beat le,2512
childers,63,childe rs,2512
cornwell,63,corn well,2512
curley,63,cur ley,2512
dorman,63,dor man,2512
dreamcast,63,dream cast,2512
fahey,63,fa hey,2512
glenwood,63,glen wood,2512
hallett,63,hal lett,2512
humana,63,hum ana,2512
kunis,63,kun is,2512
lidar,63,lid ar,2512
lossless,63,loss less,2512
loudon,63,lou don,2512
ofcom,63,of com,2512
rashford,63,rash ford,2512
rebalance,63,re balance,2512
reit,63,re it,2512
snark,63,sn ark,2512
tasker,63,task er,2512
townshend,63,town shend,2512
tywin,63,ty win,2512
exxonmobil,63,exxon mobil,2512
fanboys,63,fan boys,2512
gameday,63,game day,2512
madoff,63,ma doff,2512
waxman,63,wax man,2512
williston,63,willis ton,2512
wingate,63,win gate,2512
brookhaven,63,brook haven,2512
cdma,63,cd ma,2512
clarks,63,cl arks,2512
cushman,63,cush man,2512
freeland,63,free land,2512
maddow,63,mad dow,2512
microbiome,63,micro biome,2512
neha,63,ne ha,2512
queueing,63,queue ing,2512
sandi,63,san di,2512
showrunner,63,show runner,2512
squarepants,63,square pants,2512
underappreciated,63,under appreciated,2512
williamstown,63,williams town,2512
bittorrent,63,bit torrent,2512
elven,63,el ven,2512
kamen,63,ka men,2512
leesburg,63,lees burg,2512
sweetwater,63,sweet water,2512
agarwal,62,agar wal,2473
bluray,62,blu ray,2473
carbondale,62,carbon dale,2473
cofounder,62,co founder,2473
dartford,62,dart ford,2473
desoto,62,de soto,2473
deviantart,62,deviant art,2473
gangbang,62,gang bang,2473
hotties,62,hot ties,2473
inbetween,62,in between,2473
kiara,62,ki ara,2473
lsat,62,ls at,2473
manish,62,mani sh,2473
markle,62,mark le,2473
montauk,62,mont auk,2473
moorhead,62,moor head,2473
nacl,62,na cl,2473
neet,62,ne et,2473
ocala,62,oc ala,2473
peppa,62,pep pa,2473
perdue,62,per due,2473
pittsfield,62,pitts field,2473
plos,62,pl os,2473
primark,62,prim ark,2473
rajya,62,raj ya,2473
redlands,62,red lands,2473
sandia,62,sand ia,2473
shania,62,shan ia,2473
silverstein,62,silver stein,2473
sotomayor,62,soto mayor,2473
stillman,62,still man,2473
surry,62,sur ry,2473
tillerson,62,tiller son,2473
timestamp,62,time stamp,2473
unapologetically,62,unapologetic ally,2473
westbury,62,west bury,2473
wolfpack,62,wolf pack,2473
italiano,62,italia no,2473
masson,62,mas son,2473
subban,62,sub ban,2473
delphine,62,delphi ne,2473
hummel,62,hum mel,2473
rene,62,re ne,2473
aceh,62,ac eh,2473
intermodal,62,inter modal,2473
umberto,62,umber to,2473
aire,62,ai re,2473
brava,62,br ava,2473
carswell,62,car swell,2473
chiara,62,chi ara,2473
egon,62,eg on,2473
simona,62,si mona,2473
domini,62,do mini,2473
bretton,62,bret ton,2473
farid,62,fa rid,2473
pape,62,pa pe,2473
sono,62,so no,2473
todos,62,to dos,2473
amira,62,am ira,2473
brac,62,br ac,2473
generale,62,gene rale,2473
matti,62,mat ti,2473
pepsico,62,pepsi co,2473
prost,62,pro st,2473
thani,62,th ani,2473
tahrir,62,tahr ir,2473
arma,62,ar ma,2473
bandar,62,band ar,2473
bogdan,62,bog dan,2473
geert,62,ge ert,2473
inga,62,in ga,2473
jasmin,62,jas min,2473
mitsui,62,mit sui,2473
reinhard,62,rein hard,2473
sayed,62,say ed,2473
brin,62,br in,2473
desc,62,de sc,2473
luciana,62,lucia na,2473
malin,62,ma lin,2473
naya,62,na ya,2473
strom,62,st rom,2473
aris,62,ar is,2473
eckert,62,eck ert,2473
flatbush,62,flat bush,2473
frederik,62,fred erik,2473
godin,62,go din,2473
haller,62,hall er,2473
kaminsky,62,ka minsky,2473
mello,62,mel lo,2473
messer,62,mess er,2473
mino,62,mi no,2473
miramar,62,mira mar,2473
plex,62,pl ex,2473
pocock,62,po cock,2473
rickman,62,rick man,2473
rightwing,62,right wing,2473
tomo,62,to mo,2473
winemaking,62,wine making,2473
witten,62,wit ten,2473
ahaha,62,ah aha,2473
airbender,62,air bender,2473
auerbach,62,auer bach,2473
baraka,62,bar aka,2473
bradman,62,br adman,2473
bren,62,br en,2473
broadbent,62,broad bent,2473
busta,62,bus ta,2473
caplan,62,ca plan,2473
cept,62,ce pt,2473
cera,62,ce ra,2473
clamour,62,cl amour,2473
croke,62,cr oke,2473
delisted,62,de listed,2473
faceoff,62,face off,2473
flemming,62,flem ming,2473
fogarty,62,fog arty,2473
gillett,62,gil lett,2473
gregson,62,greg son,2473
hoss,62,ho ss,2473
humbert,62,hum bert,2473
kanan,62,ka nan,2473
layne,62,lay ne,2473
moria,62,mo ria,2473
morningside,62,morning side,2473
pizzagate,62,pizza gate,2473
probiotic,62,pro biotic,2473
smartass,62,smart ass,2473
sook,62,so ok,2473
stockwell,62,stock well,2473
underhill,62,under hill,2473
albus,62,al bus,2473
arteta,62,art eta,2473
beaton,62,be aton,2473
beavis,62,be avis,2473
boden,62,bod en,2473
breakin,62,break in,2473
callan,62,call an,2473
carlsen,62,carl sen,2473
cusack,62,cu sack,2473
dragonball,62,dragon ball,2473
drawdown,62,draw down,2473
feely,62,fe ely,2473
goodfellas,62,good fellas,2473
grimshaw,62,grim shaw,2473
haslam,62,ha slam,2473
hmas,62,hm as,2473
iata,62,ia ta,2473
jaylen,62,jay len,2473
kanto,62,kan to,2473
kwok,62,kw ok,2473
laidlaw,62,laid law,2473
lucha,62,lu cha,2473
maasai,62,maas ai,2473
mattingly,62,mat tingly,2473
mayes,62,ma yes,2473
mewtwo,62,mew two,2473
midrange,62,mid range,2473
mohamad,62,moham ad,2473
mookie,62,mo okie,2473
pappas,62,pap pas,2473
reinhart,62,rein hart,2473
renfrewshire,62,renfrew shire,2473
seti,62,se ti,2473
shrooms,62,sh rooms,2473
tash,62,ta sh,2473
trainor,62,train or,2473
whitcomb,62,whit comb,2473
whitehaven,62,white haven,2473
chibi,62,chi bi,2473
dirtbag,62,dirt bag,2473
edgerton,62,edger ton,2473
evangelion,62,evangel ion,2473
halstead,62,hal stead,2473
hamer,62,ham er,2473
jabba,62,jab ba,2473
marshawn,62,mar shawn,2473
oooo,62,oo oo,2473
rangel,62,ran gel,2473
rothman,62,roth man,2473
saleem,62,sale em,2473
summarise,62,summa rise,2473
thos,62,th os,2473
worf,62,wo rf,2473
zealander,62,zealand er,2473
applegate,62,apple gate,2473
bodhi,62,bod hi,2473
businesspeople,62,business people,2473
cryo,62,cr yo,2473
featherstone,62,feather stone,2473
fenty,62,fen ty,2473
gulfstream,62,gulf stream,2473
heathcote,62,heath cote,2473
hendrickson,62,hendricks on,2473
marlo,62,mar lo,2473
marshalls,62,mars halls,2473
metzger,62,metz ger,2473
nics,62,ni cs,2473
parris,62,parr is,2473
redondo,62,redon do,2473
ronson,62,ron son,2473
sameer,62,same er,2473
sandown,62,san down,2473
seacrest,62,sea crest,2473
skyfall,62,sky fall,2473
themself,62,them self,2473
bulger,62,bul ger,2473
highgate,62,high gate,2473
injectable,62,inject able,2473
longview,62,long view,2473
mickelson,62,mic kelson,2473
patil,62,pa til,2473
starburst,62,star burst,2473
swamy,62,sw amy,2473
thorin,62,th orin,2473
youngblood,62,young blood,2473
favs,62,fa vs,2473
homewood,62,home wood,2473
infowars,62,info wars,2473
markey,62,mar key,2473
maulana,62,maul ana,2473
natwest,62,nat west,2473
pauls,62,pau ls,2473
afterall,61,after all,2434
ashburn,61,ash burn,2434
bungie,61,bun gie,2434
cair,61,ca ir,2434
cdna,61,cd na,2434
chastain,61,cha stain,2434
checkin,61,check in,2434
datacenter,61,data center,2434
depaul,61,de paul,2434
esme,61,es me,2434
geospatial,61,geo spatial,2434
godaddy,61,go daddy,2434
headspace,61,head space,2434
hellboy,61,hell boy,2434
hillsdale,61,hills dale,2434
ingalls,61,in galls,2434
itty,61,it ty,2434
jumpstart,61,jump start,2434
kinases,61,kinas es,2434
loveland,61,love land,2434
mashable,61,mash able,2434
middlebury,61,middle bury,2434
middleware,61,middle ware,2434
muskegon,61,muskeg on,2434
naia,61,na ia,2434
nasi,61,na si,2434
newburgh,61,new burgh,2434
northwood,61,north wood,2434
oems,61,oe ms,2434
petco,61,pet co,2434
profiler,61,pro filer,2434
racecar,61,race car,2434
ramone,61,ram one,2434
runescape,61,run escape,2434
ryde,61,ry de,2434
sandeep,61,san deep,2434
seabrook,61,sea brook,2434
shader,61,shad er,2434
statins,61,sta tins,2434
stormtrooper,61,storm trooper,2434
streetwear,61,street wear,2434
stubhub,61,stub hub,2434
sunnyside,61,sunny side,2434
tafe,61,ta fe,2434
voicemails,61,voice mails,2434
yardley,61,yard ley,2434
yoyo,61,yo yo,2434
gare,61,ga re,2434
manon,61,ma non,2434
constantin,61,constant in,2434
dore,61,do re,2434
gian,61,gi an,2434
eller,61,ell er,2434
haan,61,ha an,2434
marburg,61,mar burg,2434
nasr,61,na sr,2434
takeshi,61,takes hi,2434
tarte,61,ta rte,2434
galt,61,ga lt,2434
ivana,61,iva na,2434
maliki,61,mali ki,2434
microfinance,61,micro finance,2434
pseudomonas,61,pseudo monas,2434
tete,61,te te,2434
tilley,61,til ley,2434
flavia,61,fla via,2434
fujian,61,fuji an,2434
ando,61,an do,2434
ballin,61,ball in,2434
fedor,61,fe dor,2434
filesystem,61,file system,2434
cleve,61,cl eve,2434
coogan,61,coo gan,2434
dejan,61,de jan,2434
dumbasses,61,dumb asses,2434
edin,61,ed in,2434
hayman,61,hay man,2434
inna,61,in na,2434
inthe,61,in the,2434
larue,61,la rue,2434
logie,61,lo gie,2434
miho,61,mi ho,2434
mook,61,mo ok,2434
moresby,61,mores by,2434
scarlets,61,scar lets,2434
scsi,61,sc si,2434
sieg,61,si eg,2434
siem,61,si em,2434
startin,61,star tin,2434
aslam,61,as lam,2434
benteke,61,bent eke,2434
bratton,61,brat ton,2434
christo,61,chris to,2434
dalits,61,dali ts,2434
demar,61,de mar,2434
egerton,61,eger ton,2434
enright,61,en right,2434
mornington,61,morning ton,2434
shakin,61,sh akin,2434
steadman,61,ste adman,2434
strang,61,st rang,2434
tobi,61,to bi,2434
amirite,61,ami rite,2434
asmr,61,as mr,2434
cates,61,cat es,2434
chaim,61,ch aim,2434
colson,61,col son,2434
dennison,61,dennis on,2434
fatale,61,fa tale,2434
hayne,61,hay ne,2434
hina,61,hi na,2434
mockingjay,61,mocking jay,2434
mythbusters,61,myth busters,2434
riverview,61,river view,2434
sinbad,61,sin bad,2434
starbuck,61,star buck,2434
alway,61,al way,2434
bartley,61,bart ley,2434
cordell,61,cor dell,2434
demarcus,61,de marcus,2434
downfield,61,down field,2434
elkhart,61,elk hart,2434
geeta,61,ge eta,2434
mvps,61,mv ps,2434
ridgeway,61,ridge way,2434
sedona,61,se dona,2434
sinead,61,sine ad,2434
batshit,61,bat shit,2434
bingley,61,bin gley,2434
cavill,61,cav ill,2434
chiswick,61,chis wick,2434
commited,61,commit ed,2434
johnsons,61,john sons,2434
lipa,61,li pa,2434
newcomb,61,new comb,2434
abit,60,ab it,2395
albury,60,al bury,2395
alene,60,ale ne,2395
algo,60,al go,2395
anova,60,an ova,2395
arora,60,ar ora,2395
ashoka,60,ash oka,2395
avondale,60,avon dale,2395
bancorp,60,ban corp,2395
barstow,60,bar stow,2395
bestie,60,bes tie,2395
biggar,60,big gar,2395
blackhawk,60,black hawk,2395
blitzer,60,blitz er,2395
braveheart,60,brave heart,2395
burwell,60,bur well,2395
calloway,60,callow ay,2395
cantwell,60,cant well,2395
cashman,60,cash man,2395
cookin,60,coo kin,2395
creampie,60,cream pie,2395
cutscenes,60,cut scenes,2395
debutant,60,debut ant,2395
dotcom,60,dot com,2395
edgewood,60,edge wood,2395
engle,60,eng le,2395
entrees,60,en trees,2395
farhan,60,far han,2395
fendi,60,fen di,2395
fincher,60,fin cher,2395
flipside,60,flip side,2395
floodwaters,60,flood waters,2395
gameboy,60,game boy,2395
geoscience,60,geo science,2395
gerson,60,ger son,2395
groton,60,grot on,2395
handley,60,hand ley,2395
hartwell,60,hart well,2395
highbury,60,high bury,2395
hiit,60,hi it,2395
hillcrest,60,hill crest,2395
holton,60,holt on,2395
hubbell,60,hub bell,2395
huffpost,60,huff post,2395
kaylee,60,kay lee,2395
kempton,60,kemp ton,2395
kitkat,60,kit kat,2395
latinas,60,latin as,2395
lismore,60,lis more,2395
littlefield,60,little field,2395
lorain,60,lo rain,2395
lululemon,60,lulu lemon,2395
macomb,60,ma comb,2395
metacritic,60,meta critic,2395
mish,60,mi sh,2395
monson,60,mon son,2395
nala,60,na la,2395
nevins,60,nev ins,2395
newlands,60,new lands,2395
newsday,60,news day,2395
newsome,60,new some,2395
nightcrawler,60,night crawler,2395
nuer,60,nu er,2395
oban,60,ob an,2395
ocho,60,oc ho,2395
okafor,60,oka for,2395
oxon,60,ox on,2395
pantera,60,pant era,2395
peeta,60,pe eta,2395
rabbitohs,60,rabbit ohs,2395
rathbone,60,rath bone,2395
redknapp,60,red knapp,2395
reimagining,60,re imagining,2395
revis,60,rev is,2395
richman,60,rich man,2395
rickard,60,rick ard,2395
sagar,60,sag ar,2395
sarandon,60,saran don,2395
seager,60,sea ger,2395
shel,60,sh el,2395
spca,60,sp ca,2395
sportscenter,60,sports center,2395
superboy,60,super boy,2395
supercell,60,super cell,2395
tilden,60,til den,2395
tobe,60,to be,2395
undercard,60,under card,2395
undertale,60,under tale,2395
upham,60,up ham,2395
varian,60,var ian,2395
waitrose,60,wait rose,2395
wakeup,60,wake up,2395
wallingford,60,walling ford,2395
warnock,60,war nock,2395
whiteman,60,white man,2395
winslet,60,wins let,2395
janes,60,jan es,2395
sidi,60,si di,2395
malo,60,ma lo,2395
hammam,60,ham mam,2395
beaulieu,60,beau lieu,2395
rocca,60,roc ca,2395
romana,60,rom ana,2395
ciel,60,ci el,2395
palme,60,pal me,2395
paradis,60,para dis,2395
latour,60,la tour,2395
mance,60,man ce,2395
zenit,60,zen it,2395
caterina,60,cater ina,2395
tiago,60,ti ago,2395
arco,60,ar co,2395
giveth,60,give th,2395
lita,60,li ta,2395
bruni,60,br uni,2395
emin,60,em in,2395
eshop,60,es hop,2395
irena,60,ire na,2395
laporte,60,la porte,2395
miroslav,60,miro slav,2395
mela,60,me la,2395
powerplant,60,power plant,2395
quinta,60,quin ta,2395
toma,60,to ma,2395
christos,60,christ os,2395
baumann,60,baum ann,2395
defensemen,60,defense men,2395
grazia,60,graz ia,2395
hasta,60,ha sta,2395
hayat,60,hay at,2395
investigational,60,investigation al,2395
mota,60,mo ta,2395
nono,60,no no,2395
paulus,60,paul us,2395
whitten,60,whit ten,2395
artem,60,art em,2395
artis,60,art is,2395
bara,60,ba ra,2395
cami,60,ca mi,2395
cumshot,60,cums hot,2395
fars,60,fa rs,2395
freefall,60,free fall,2395
gabor,60,gab or,2395
goalscoring,60,goal scoring,2395
hebdo,60,heb do,2395
ingles,60,ing les,2395
nikos,60,ni kos,2395
palos,60,pal os,2395
rothstein,60,roth stein,2395
vaca,60,va ca,2395
watchlist,60,watch list,2395
beamer,60,be amer,2395
carsten,60,cars ten,2395
cathcart,60,cath cart,2395
fredo,60,fr edo,2395
fujifilm,60,fuji film,2395
irfan,60,ir fan,2395
natl,60,na tl,2395
northland,60,north land,2395
autocad,60,auto cad,2395
bogan,60,bog an,2395
buller,60,bull er,2395
cala,60,ca la,2395
collette,60,collet te,2395
coms,60,co ms,2395
costanza,60,co stanza,2395
crabb,60,cr abb,2395
ello,60,el lo,2395
fata,60,fa ta,2395
hanes,60,han es,2395
hemi,60,he mi,2395
holdin,60,hold in,2395
holtby,60,holt by,2395
isha,60,is ha,2395
messin,60,mes sin,2395
mose,60,mo se,2395
neves,60,nev es,2395
rebar,60,re bar,2395
reddick,60,red dick,2395
sanfl,60,san fl,2395
schell,60,sc hell,2395
screensaver,60,screen saver,2395
scudder,60,sc udder,2395
seagate,60,se agate,2395
shootin,60,shoo tin,2395
stansted,60,stans ted,2395
taki,60,ta ki,2395
theon,60,th eon,2395
toth,60,to th,2395
tyrrell,60,tyrr ell,2395
ashdown,60,ash down,2395
attache,60,at tache,2395
barksdale,60,barks dale,2395
blowin,60,blow in,2395
charli,60,char li,2395
christiana,60,christi ana,2395
dornan,60,dor nan,2395
gaynor,60,gay nor,2395
hagrid,60,ha grid,2395
isco,60,is co,2395
jamil,60,ja mil,2395
jaye,60,ja ye,2395
leyton,60,ley ton,2395
loring,60,lo ring,2395
pooper,60,poo per,2395
pura,60,pu ra,2395
recs,60,re cs,2395
soca,60,so ca,2395
sommers,60,somme rs,2395
asta,60,as ta,2395
devito,60,de vito,2395
gooding,60,goo ding,2395
greenhill,60,green hill,2395
grissom,60,gris som,2395
hoare,60,ho are,2395
hornsby,60,horns by,2395
janeway,60,jane way,2395
kanter,60,kant er,2395
mahone,60,ma hone,2395
mame,60,ma me,2395
metalcore,60,metal core,2395
morata,60,mo rata,2395
newhouse,60,new house,2395
platformer,60,platform er,2395
googles,59,go ogles,2356
autobots,59,auto bots,2356
bayless,59,bay less,2356
bibby,59,bib by,2356
burnin,59,burn in,2356
cait,59,ca it,2356
casted,59,cast ed,2356
cftc,59,cf tc,2356
cressida,59,cress ida,2356
deadlift,59,dead lift,2356
dera,59,de ra,2356
docu,59,do cu,2356
dugdale,59,dug dale,2356
emmons,59,em mons,2356
favela,59,fa vela,2356
foodservice,59,food service,2356
funder,59,fund er,2356
grisham,59,gris ham,2356
hawkeyes,59,hawk eyes,2356
headley,59,head ley,2356
herron,59,her ron,2356
homeschooled,59,home schooled,2356
hosp,59,ho sp,2356
joseon,59,jos eon,2356
leche,59,le che,2356
mandir,59,man dir,2356
martindale,59,martin dale,2356
milburn,59,mil burn,2356
mirai,59,mir ai,2356
msps,59,ms ps,2356
newswire,59,news wire,2356
norcross,59,nor cross,2356
rach,59,ra ch,2356
riddell,59,rid dell,2356
romford,59,rom ford,2356
rulemaking,59,rule making,2356
selfridge,59,self ridge,2356
smaug,59,sm aug,2356
sourcebook,59,source book,2356
southwell,59,south well,2356
statin,59,sta tin,2356
stevia,59,ste via,2356
tappan,59,tap pan,2356
vicodin,59,vic odin,2356
waddington,59,wadding ton,2356
warrick,59,war rick,2356
williamsport,59,william sport,2356
willson,59,will son,2356
woburn,59,wo burn,2356
wooo,59,wo oo,2356
yougov,59,you gov,2356
addo,59,ad do,2356
aintree,59,ain tree,2356
alanis,59,al anis,2356
asme,59,as me,2356
atpase,59,at pase,2356
autofocus,59,auto focus,2356
badoo,59,bad oo,2356
bangin,59,ban gin,2356
beachy,59,be achy,2356
bellagio,59,bell agio,2356
bellas,59,bell as,2356
bestest,59,bes test,2356
betfair,59,bet fair,2356
bigs,59,bi gs,2356
bish,59,bi sh,2356
bissell,59,bis sell,2356
blackfriars,59,black friars,2356
blume,59,blu me,2356
bolden,59,bol den,2356
bradenton,59,bra denton,2356
brainstem,59,brain stem,2356
britta,59,brit ta,2356
broadchurch,59,broad church,2356
businessweek,59,business week,2356
carle,59,car le,2356
chamberlin,59,cham berlin,2356
charizard,59,char izard,2356
colm,59,co lm,2356
crain,59,cr ain,2356
deathmatch,59,death match,2356
debutante,59,debut ante,2356
deepika,59,dee pika,2356
dreamin,59,dream in,2356
duggar,59,dug gar,2356
dyin,59,dy in,2356
edgewater,59,edge water,2356
elin,59,el in,2356
emre,59,em re,2356
ents,59,en ts,2356
erikson,59,erik son,2356
facepalm,59,face palm,2356
famers,59,fame rs,2356
fanta,59,fan ta,2356
flipkart,59,flip kart,2356
flippin,59,flip pin,2356
frankston,59,franks ton,2356
frontlines,59,front lines,2356
gaslighting,59,ga slighting,2356
gdpr,59,gd pr,2356
georgiana,59,georgia na,2356
gillan,59,gill an,2356
glennon,59,glen non,2356
goldblum,59,gold blum,2356
goldfinger,59,gold finger,2356
goswami,59,go swami,2356
grinnell,59,grin nell,2356
hannan,59,han nan,2356
harington,59,haring ton,2356
haverhill,59,haver hill,2356
hazelwood,59,hazel wood,2356
helmed,59,helm ed,2356
helo,59,he lo,2356
herts,59,her ts,2356
iaaf,59,ia af,2356
icecream,59,ice cream,2356
illus,59,ill us,2356
inkjet,59,ink jet,2356
interventional,59,intervention al,2356
jarman,59,jar man,2356
kante,59,kan te,2356
ketchum,59,ketch um,2356
kinnear,59,kin near,2356
knightsbridge,59,knights bridge,2356
kratom,59,kr atom,2356
kwazulu,59,kwa zulu,2356
kylo,59,ky lo,2356
lambeau,59,lam beau,2356
langham,59,lang ham,2356
legoland,59,lego land,2356
mauna,59,ma una,2356
microbiota,59,micro biota,2356
minato,59,mina to,2356
minton,59,min ton,2356
mirrorless,59,mirror less,2356
nasri,59,na sri,2356
newsfeed,59,news feed,2356
newyork,59,new york,2356
nier,59,ni er,2356
nogales,59,no gales,2356
oden,59,od en,2356
onslow,59,on slow,2356
panera,59,pan era,2356
pawan,59,pa wan,2356
pawtucket,59,paw tucket,2356
pettit,59,pet tit,2356
polarised,59,polaris ed,2356
pusha,59,pus ha,2356
queso,59,que so,2356
quintus,59,quint us,2356
rakesh,59,rake sh,2356
rubenstein,59,ruben stein,2356
rushton,59,rush ton,2356
seaford,59,sea ford,2356
shinobi,59,shin obi,2356
shulman,59,shul man,2356
spurgeon,59,spurge on,2356
squidward,59,squid ward,2356
srsly,59,sr sly,2356
staley,59,sta ley,2356
sternberg,59,stern berg,2356
supervillain,59,super villain,2356
taman,59,ta man,2356
teesside,59,tees side,2356
thes,59,th es,2356
tish,59,ti sh,2356
topanga,59,to panga,2356
tryon,59,try on,2356
tulare,59,tula re,2356
walken,59,wal ken,2356
warrantless,59,warrant less,2356
waterpark,59,water park,2356
wayback,59,way back,2356
whitepaper,59,white paper,2356
woodlawn,59,wood lawn,2356
yaoi,59,ya oi,2356
yasir,59,ya sir,2356
yesss,59,yes ss,2356
parque,59,par que,2356
leuven,59,leu ven,2356
banque,59,ban que,2356
kunst,59,kun st,2356
allard,59,al lard,2356
esso,59,es so,2356
grosso,59,gros so,2356
pais,59,pa is,2356
carnaval,59,car naval,2356
motta,59,mot ta,2356
passe,59,pas se,2356
francais,59,franc ais,2356
isaf,59,is af,2356
modo,59,mo do,2356
dixit,59,dix it,2356
nota,59,no ta,2356
rebalancing,59,re balancing,2356
mise,59,mi se,2356
bettina,59,bet tina,2356
hier,59,hi er,2356
infos,59,inf os,2356
sofie,59,so fie,2356
vitali,59,vita li,2356
baru,59,ba ru,2356
fairtrade,59,fair trade,2356
kenan,59,ken an,2356
lacoste,59,la coste,2356
paredes,59,pared es,2356
xtra,59,xt ra,2356
deca,59,de ca,2356
hager,59,ha ger,2356
keyser,59,keys er,2356
neto,59,ne to,2356
belli,59,bel li,2356
emea,59,em ea,2356
grosjean,59,gros jean,2356
hashem,59,has hem,2356
justus,59,just us,2356
karam,59,ka ram,2356
linder,59,lind er,2356
lionheart,59,lion heart,2356
maan,59,ma an,2356
melina,59,me lina,2356
pater,59,pat er,2356
shales,59,sh ales,2356
xuan,59,xu an,2356
autodesk,59,auto desk,2356
betis,59,bet is,2356
dinos,59,din os,2356
domo,59,do mo,2356
fergusson,59,fergus son,2356
leni,59,le ni,2356
valli,59,val li,2356
bardot,59,bar dot,2356
idps,59,id ps,2356
macklin,59,mack lin,2356
moir,59,mo ir,2356
namespace,59,name space,2356
penner,59,penn er,2356
abcs,58,ab cs,2317
haut,58,ha ut,2317
governorate,58,govern orate,2317
fernand,58,fern and,2317
bains,58,ba ins,2317
monti,58,mon ti,2317
sncf,58,sn cf,2317
fabrice,58,fa brice,2317
gagnon,58,gag non,2317
dimethyl,58,di methyl,2317
bata,58,ba ta,2317
katia,58,ka tia,2317
lamy,58,la my,2317
pardo,58,par do,2317
offroad,58,off road,2317
saxton,58,sax ton,2317
annexe,58,anne xe,2317
kirill,58,ki rill,2317
murs,58,mu rs,2317
rasta,58,ra sta,2317
badr,58,ba dr,2317
barba,58,bar ba,2317
gamal,58,gam al,2317
machi,58,ma chi,2317
mato,58,ma to,2317
medallists,58,medal lists,2317
petrus,58,pet rus,2317
giga,58,gi ga,2317
mond,58,mo nd,2317
morelli,58,morel li,2317
soledad,58,sole dad,2317
gente,58,gen te,2317
marca,58,ma rca,2317
moller,58,moll er,2317
galerie,57,gal erie,2278
aircrafts,57,air crafts,2278
robinsons,57,robin sons,2278
tims,57,ti ms,2278
castel,57,cast el,2278
crtc,57,cr tc,2278
ethers,57,et hers,2278
internets,57,inter nets,2278
haag,57,ha ag,2278
hamel,57,ha mel,2278
leitch,57,le itch,2278
penta,57,pen ta,2278
ricard,57,rica rd,2278
damme,57,dam me,2278
microsystems,57,micro systems,2278
gazeta,57,ga zeta,2278
seco,57,se co,2278
anglais,57,angl ais,2278
csis,57,cs is,2278
laroche,57,la roche,2278
minto,57,min to,2278
powerplay,57,power play,2278
taketh,57,take th,2278
enroute,57,en route,2278
eugen,57,eu gen,2278
gato,57,ga to,2278
katja,57,kat ja,2278
shanxi,57,shan xi,2278
soares,57,so ares,2278
sten,57,st en,2278
stis,57,st is,2278
aber,57,ab er,2278
auch,57,au ch,2278
ceci,57,ce ci,2278
odours,57,od ours,2278
varga,57,var ga,2278
araki,57,ara ki,2278
hadfield,57,had field,2278
lupo,57,lu po,2278
anyones,56,any ones,2239
jacksons,56,jack sons,2239
palmas,56,pal mas,2239
nuit,56,nu it,2239
superbike,56,super bike,2239
cortina,56,cor tina,2239
asante,56,as ante,2239
easyjet,56,easy jet,2239
italiana,56,italia na,2239
labelle,56,la belle,2239
halton,56,hal ton,2239
maketh,56,make th,2239
orsay,56,or say,2239
ashfield,56,ash field,2239
camara,56,ca mara,2239
leyla,56,ley la,2239
natale,56,na tale,2239
rosemont,56,rose mont,2239
alles,56,al les,2239
witte,56,wit te,2239
abbe,56,ab be,2239
eurostar,56,euro star,2239
agen,56,ag en,2239
salva,56,sal va,2239
howards,55,ho wards,2200
madoka,55,mad oka,2200
rioja,55,rio ja,2200
maritimes,55,mari times,2200
svenska,55,sven ska,2200
colonia,55,colon ia,2200
clin,55,cl in,2200
granby,55,gran by,2200
soir,55,so ir,2200
molson,55,mols on,2200
emmanuelle,55,emmanuel le,2200
excl,55,ex cl,2200
actu,55,ac tu,2200
diallo,55,dial lo,2200
gord,55,go rd,2200
lavery,55,la very,2200
pbuh,55,pb uh,2200
perla,55,per la,2200
fajr,55,fa jr,2200
festa,55,fe sta,2200
moni,55,mo ni,2200
nour,55,no ur,2200
pharm,55,ph arm,2200
amerika,55,am erika,2200
repos,55,rep os,2200
dili,55,di li,2200
lomas,55,lo mas,2200
longchamp,55,long champ,2200
grandes,54,gr andes,2161
amico,54,ami co,2161
legrand,54,le grand,2161
hommes,54,ho mmes,2161
donato,54,dona to,2161
dufour,54,du four,2161
loreto,54,lore to,2161
nein,54,ne in,2161
sotto,54,sot to,2161
bataille,54,ba taille,2161
eurostat,54,euros tat,2161
natur,54,nat ur,2161
musics,54,mu sics,2161
tema,54,te ma,2161
levites,54,levit es,2161
indias,53,in dias,2122
lisboa,53,lis boa,2122
levante,53,lev ante,2122
mura,53,mu ra,2122
severin,53,sever in,2122
atos,53,at os,2122
catharines,53,cathar ines,2122
corte,53,co rte,2122
goma,53,go ma,2122
castell,53,cast ell,2122
gaultier,53,gaul tier,2122
carles,53,car les,2122
ceta,53,ce ta,2122
colle,53,col le,2122
gana,53,ga na,2122
mamadou,53,mama dou,2122
maman,53,ma man,2122
messe,53,mes se,2122
tage,53,ta ge,2122
unidos,53,uni dos,2122
primera,52,prim era,2083
rochefort,52,roche fort,2083
rideau,52,rid eau,2083
cura,52,cu ra,2083
canaria,52,can aria,2083
colonna,52,co lonna,2083
asaph,52,asa ph,2083
cabell,52,ca bell,2083
lambton,52,lamb ton,2083
allez,52,all ez,2083
alpes,51,al pes,2044
howto,51,how to,2044
subsp,51,sub sp,2044
danse,51,dan se,2044
francia,51,franc ia,2044
girona,51,gi rona,2044
mancha,51,man cha,2044
deepthroat,51,deep throat,2044
vapours,51,va pours,2044
centrale,51,cent rale,2044
nuova,51,nu ova,2044
gaspard,51,gas pard,2044
normandie,51,norman die,2044
aller,51,all er,2044
armes,51,ar mes,2044
ferrand,51,fer rand,2044
banca,51,ban ca,2044
gilad,51,gi lad,2044
nepean,51,ne pean,2044
carmona,51,car mona,2044
etre,51,et re,2044
magica,51,magi ca,2044
patricks,50,pa tricks,2005
campbells,50,camp bells,2005
isola,50,is ola,2005
cheval,50,che val,2005
phils,49,phi ls,1966
compostela,49,compo stela,1966
hilaire,49,hila ire,1966
gallus,49,gall us,1966
leonards,49,leo nards,1966
ludovic,49,ludo vic,1966
dufferin,49,duff erin,1966
frontera,49,front era,1966
chinas,48,chin as,1927
bidens,48,bi dens,1927
diam,48,di am,1927
chemin,48,che min,1927
bolivarian,48,bolivar ian,1927
petes,47,pet es,1888
stewarts,47,ste warts,1888
kates,47,kat es,1888
namur,47,nam ur,1888
alte,47,al te,1888
modis,46,mo dis,1849
annes,46,ann es,1849
steves,46,st eves,1849
watsons,46,wat sons,1849
polytechnique,46,poly technique,1849
canadas,45,canad as,1810
everythings,45,every things,1810
arthurs,45,ar thurs,1810
spencers,45,spence rs,1810
bennetts,45,bennet ts,1810
florent,45,flo rent,1810
alis,44,al is,1771
leonean,44,leone an,1771
parkinsons,43,parkin sons,1732
kims,43,ki ms,1732
allens,43,al lens,1732
mitchells,43,mitch ells,1732
marias,43,mari as,1732
armys,42,ar mys,1693
ryans,42,ry ans,1693
maries,42,mari es,1693
hondas,42,hond as,1693
tonights,41,to nights,1654
hautes,40,ha utes,1615
gibsons,40,gib sons,1615
floridas,39,florid as,1576
russells,39,rus sells,1576
elizabeths,39,eliza beths,1576
hbos,39,hb os,1576
abbotts,39,abbot ts,1576
englands,38,en glands,1537
irelands,38,ir elands,1537
facebooks,38,face books,1537
christies,38,chris ties,1537
carls,38,car ls,1537
stadion,38,sta dion,1537
londons,37,lon dons,1498
satans,37,sat ans,1498
usas,37,us as,1498
poes,37,po es,1498
washingtons,36,washing tons,1459
cohens,36,co hens,1459
petersons,36,peter sons,1459
anothers,35,an others,1420
youtubes,35,you tubes,1420
verdean,35,verde an,1420
putins,34,pu tins,1381
olivers,34,olive rs,1381
catherines,34,cather ines,1381
chans,34,ch ans,1381
fishermans,34,fisher mans,1381
thors,34,tho rs,1381
franche,34,fran che,1381
europes,33,eu ropes,1342
rhin,33,rh in,1342
clarkes,31,clark es,1264
kanes,31,kan es,1264
scotlands,30,scot lands,1225
logans,30,log ans,1225
churchills,30,chur chills,1225
duncans,30,dun cans,1225
powells,30,po wells,1225
carrs,30,car rs,1225
marthas,29,mart has,1186
jimmys,29,jim mys,1186
cubas,29,cub as,1186
gandhis,29,gand his,1186
etal,29,et al,1186
dawsons,29,daw sons,1186
shant,28,sh ant,1147
samsungs,28,samsun gs,1147
batmans,28,bat mans,1147
jasons,28,ja sons,1147
wallaces,28,wal laces,1147
gentlemans,27,gentle mans,1108
gops,27,go ps,1108
claires,27,clair es,1108
stanleys,27,stan leys,1108
burtons,27,bur tons,1108
jojos,27,jo jos,1108
spains,26,spa ins,1069
reids,26,re ids,1069
hollywoods,25,holly woods,1030
lisas,25,lis as,1030
assads,25,ass ads,1030
hauts,25,ha uts,1030
newmans,25,new mans,1030
kanyes,25,kan yes,1030
gabriels,25,gab riels,1030
irans,24,ir ans,991
cias,24,ci as,991
jamies,24,jami es,991
carsons,24,car sons,991
swedens,23,sw edens,952
latters,23,latte rs,952
thered,22,the red,913
messis,22,mes sis,913
francos,22,fran cos,913
uniteds,21,uni teds,874
liverpools,21,liver pools,874
saturns,21,sat urns,874
mommys,21,mom mys,874
chens,21,ch ens,874
ronaldos,21,ronal dos,874
alices,20,al ices,835
norways,20,nor ways,835
nbas,20,nb as,835
ashleys,20,ash leys,835
nbcs,19,nb cs,796
dianas,19,di anas,796
tommys,19,tom mys,796
maos,19,ma os,796
marylands,19,mary lands,796
madrids,18,mad rids,757
seans,18,se ans,757
emmas,18,em mas,757
polands,17,po lands,718
columbias,17,colum bias,718
finlands,17,fin lands,718
intels,17,in tels,718
mtvs,17,mt vs,718
melbournes,16,mel bournes,679
gagas,16,ga gas,679
chairmans,16,chair mans,679
natos,15,nat os,640
supermans,15,super mans,640
justins,15,just ins,640
diegos,15,di egos,640
sophies,14,sop hies,601
denmarks,14,den marks,601
mankinds,14,man kinds,601
lenins,14,len ins,601
whatre,13,what re,562
albertas,13,albert as,562
cleverkeys,12,clever keys,523
switzerlands,12,switzer lands,523
queenslands,12,queens lands,523
franciscos,12,fran ciscos,523
cruzs,12,cru zs,523
montreals,12,mont reals,523
thailands,12,thai lands,523
therere,12,there re,523
indianas,12,indian as,523
afghanistans,12,afghani stans,523
moscows,12,mo scows,523
romanias,12,romani as,523
icelands,12,ice lands,523
arabias,12,ara bias,523
etoo,12,et oo,523
michelles,12,mic helles,523
bulgarias,12,bulg arias,523
lankas,12,lank as,523
