Word,CK_Freq,Disp_Freq
http,145,5710
dont,142,5593
favourite,136,5359
multi,135,5320
trans,130,5125
https,130,5125
organisation,128,5047
behaviour,128,5047
apps,127,5008
favour,126,4969
lmao,125,4930
realise,124,4891
fifa,122,4813
nasa,122,4813
metres,121,4774
xbox,121,4774
didnt,121,4774
organisations,120,4735
centres,118,4657
organised,117,4618
recognised,117,4618
realised,117,4618
puerto,116,4579
lgbt,116,4579
doesnt,116,4579
harbour,113,4462
olds,113,4462
cyber,113,4462
uber,113,4462
neighbourhood,112,4423
wifi,112,4423
espn,112,4423
recognise,111,4384
lebron,111,4384
isnt,110,4345
theres,110,4345
mins,110,4345
ncaa,110,4345
neighbours,109,4306
comp,109,4306
covid,109,4306
intro,107,4228
kilometres,105,4150
prix,105,4150
neighbouring,105,4150
selfie,105,4150
analytics,105,4150
maths,105,4150
viii,104,4111
flavour,104,4111
jewellery,104,4111
aluminium,104,4111
versa,104,4111
tumblr,104,4111
honoured,103,4072
jong,103,4072
bieber,103,4072
kardashian,103,4072
ebook,103,4072
wasnt,102,4033
honourable,102,4033
neighbour,102,4033
mourinho,102,4033
zhang,102,4033
spotify,102,4033
criticised,101,3994
deutsche,101,3994
html,101,3994
qaeda,101,3994
apologise,101,3994
theo,101,3994
favourites,101,3994
knicks,101,3994
kumar,101,3994
multiplayer,101,3994
nigga,100,3955
bing,100,3955
malik,100,3955
pradesh,100,3955
buenos,99,3916
zurich,99,3916
authorised,99,3916
nsfw,99,3916
tottenham,99,3916
wwii,99,3916
hmmm,99,3916
meds,99,3916
crypto,99,3916
josé,98,3877
facto,98,3877
ibrahim,98,3877
telecom,98,3877
kung,98,3877
peyton,98,3877
ukip,98,3877
shri,98,3877
zack,98,3877
whatsapp,98,3877
unesco,97,3838
favoured,97,3838
abdullah,97,3838
viktor,97,3838
colourful,97,3838
kang,97,3838
mcgregor,97,3838
ptsd,97,3838
arent,96,3799
favourable,96,3799
quran,96,3799
porto,96,3799
janeiro,96,3799
aviv,96,3799
ieee,96,3799
uefa,96,3799
approx,96,3799
ling,96,3799
kensington,96,3799
cctv,96,3799
alexa,96,3799
wouldnt,95,3760
organising,95,3760
analysed,95,3760
organise,95,3760
malware,95,3760
alonso,95,3760
mclaren,95,3760
nicky,95,3760
juventus,95,3760
kuala,95,3760
manny,95,3760
byrne,95,3760
cassidy,95,3760
naruto,95,3760
selfies,95,3760
adhd,95,3760
iphones,95,3760
sharma,95,3760
pinterest,95,3760
ngos,94,3721
dvds,94,3721
neymar,94,3721
ahhh,94,3721
nypd,94,3721
rihanna,94,3721
soooo,94,3721
couldnt,93,3682
françois,93,3682
xiii,93,3682
endeavour,93,3682
mould,93,3682
specialised,93,3682
counselling,93,3682
rican,93,3682
daly,93,3682
vols,93,3682
dani,93,3682
usda,93,3682
pharma,93,3682
vivo,93,3682
mens,93,3682
dhabi,92,3643
michaels,92,3643
realising,92,3643
spacex,92,3643
vitro,92,3643
lgbtq,92,3643
nasdaq,92,3643
paolo,91,3604
characterised,91,3604
marvellous,91,3604
rossi,91,3604
merkel,91,3604
rosen,91,3604
anders,91,3604
feng,91,3604
flavours,91,3604
fiance,91,3604
jang,91,3604
zhou,91,3604
katz,91,3604
mcdonalds,91,3604
gifs,91,3604
womens,91,3604
milf,91,3604
comm,90,3565
bois,90,3565
kurds,90,3565
civilisation,90,3565
lmfao,90,3565
ritchie,90,3565
assange,90,3565
beyoncé,90,3565
daytona,90,3565
fulham,90,3565
hyun,90,3565
novak,90,3565
dodd,90,3565
trafford,90,3565
astros,90,3565
mcgraw,90,3565
nadal,90,3565
rahul,90,3565
synth,90,3565
pelosi,90,3565
vijay,90,3565
etsy,90,3565
carbs,90,3565
cybersecurity,90,3565
ebooks,90,3565
aint,89,3526
serie,89,3526
chun,89,3526
prima,89,3526
napoli,89,3526
bdsm,89,3526
isil,89,3526
sami,89,3526
behaviours,89,3526
gerrard,89,3526
griffiths,89,3526
stratford,89,3526
cristiano,89,3526
davey,89,3526
brody,89,3526
cafes,89,3526
dreamt,89,3526
netanyahu,89,3526
jonny,89,3526
flickr,89,3526
craigslist,89,3526
dans,88,3487
intra,88,3487
behavioural,88,3487
favours,88,3487
unix,88,3487
fitz,88,3487
scooby,88,3487
dawg,88,3487
luiz,88,3487
maguire,88,3487
ohhh,88,3487
shite,88,3487
asean,88,3487
kyrie,88,3487
msnbc,88,3487
rhys,88,3487
welp,88,3487
corbyn,88,3487
hermione,88,3487
nicki,88,3487
ravi,88,3487
sakura,88,3487
xiao,88,3487
comey,88,3487
fracking,88,3487
gmail,88,3487
tesco,88,3487
siri,88,3487
airbnb,88,3487
ecommerce,88,3487
cryptocurrency,88,3487
osama,87,3448
dalai,87,3448
fide,87,3448
hdmi,87,3448
henrik,87,3448
lenovo,87,3448
ying,87,3448
boko,87,3448
cont,87,3448
iggy,87,3448
mccann,87,3448
mckenna,87,3448
robb,87,3448
stoner,87,3448
chiang,87,3448
huawei,87,3448
didn,87,3448
diablo,87,3448
narendra,87,3448
greenville,87,3448
cuomo,87,3448
kolkata,87,3448
andré,86,3409
mcgill,86,3409
neighbourhoods,86,3409
fukushima,86,3409
dolan,86,3409
gunn,86,3409
khalifa,86,3409
magna,86,3409
haskell,86,3409
sama,86,3409
slade,86,3409
vettel,86,3409
bundesliga,86,3409
downey,86,3409
fiancee,86,3409
graeme,86,3409
kool,86,3409
mcgrath,86,3409
hulu,86,3409
zuckerberg,86,3409
jimi,86,3409
weinstein,86,3409
nvidia,86,3409
immersive,86,3409
karnataka,86,3409
webinar,86,3409
paralympic,85,3370
litres,85,3370
toro,85,3370
giorgio,85,3370
gmbh,85,3370
issa,85,3370
unicef,85,3370
khaled,85,3370
sergey,85,3370
ctrl,85,3370
analysing,85,3370
aziz,85,3370
collingwood,85,3370
drummond,85,3370
lukas,85,3370
brodie,85,3370
clientele,85,3370
healy,85,3370
mateo,85,3370
miliband,85,3370
scully,85,3370
spectre,85,3370
erdogan,85,3370
hahahaha,85,3370
hodgson,85,3370
sinn,85,3370
zhao,85,3370
astro,85,3370
imdb,85,3370
noaa,85,3370
soros,85,3370
weiner,85,3370
djokovic,85,3370
droid,85,3370
merch,85,3370
federer,85,3370
nyse,85,3370
emoji,85,3370
yall,84,3331
youll,84,3331
fibres,84,3331
kilometre,84,3331
calibre,84,3331
alessandro,84,3331
labourers,84,3331
viet,84,3331
realisation,84,3331
organisers,84,3331
channing,84,3331
coulson,84,3331
lange,84,3331
mustafa,84,3331
paralympics,84,3331
criticise,84,3331
johansson,84,3331
organisational,84,3331
chalmers,84,3331
dutton,84,3331
harcourt,84,3331
livin,84,3331
lovin,84,3331
milner,84,3331
rohan,84,3331
akira,84,3331
doherty,84,3331
romo,84,3331
corbett,84,3331
handedly,84,3331
bernardino,84,3331
bling,84,3331
boca,84,3331
diff,84,3331
vids,84,3331
andhra,84,3331
cert,84,3331
ethereum,84,3331
shouldnt,83,3292
guido,83,3292
milano,83,3292
novo,83,3292
mahmoud,83,3292
voss,83,3292
dmitry,83,3292
shenzhen,83,3292
recognises,83,3292
ymca,83,3292
enzo,83,3292
escobar,83,3292
recognising,83,3292
jiang,83,3292
lennox,83,3292
hyatt,83,3292
lorde,83,3292
personalised,83,3292
pritchard,83,3292
eastenders,83,3292
gorman,83,3292
kershaw,83,3292
minimise,83,3292
pikachu,83,3292
realises,83,3292
sixers,83,3292
goku,83,3292
howie,83,3292
libs,83,3292
mcdermott,83,3292
meryl,83,3292
buffett,83,3292
childs,83,3292
hari,83,3292
macquarie,83,3292
schumer,83,3292
sooooo,83,3292
worthington,83,3292
cliche,83,3292
imran,83,3292
dade,83,3292
haryana,83,3292
improv,83,3292
xanax,83,3292
youve,82,3253
pont,82,3253
ville,82,3253
thierry,82,3253
georg,82,3253
israelites,82,3253
nafta,82,3253
oleg,82,3253
verlag,82,3253
matteo,82,3253
opec,82,3253
chong,82,3253
dawkins,82,3253
islamists,82,3253
renewables,82,3253
runnin,82,3253
schuster,82,3253
speciality,82,3253
xinjiang,82,3253
zimmer,82,3253
carrington,82,3253
dogg,82,3253
kessler,82,3253
meng,82,3253
ment,82,3253
nada,82,3253
shaq,82,3253
shoulda,82,3253
taser,82,3253
yung,82,3253
reece,82,3253
transformative,82,3253
utilised,82,3253
cnbc,82,3253
lyft,82,3253
specialising,82,3253
gcse,82,3253
niggas,81,3214
vous,81,3214
cochrane,81,3214
massa,81,3214
minh,81,3214
pavel,81,3214
qing,81,3214
dimitri,81,3214
cummins,81,3214
feldman,81,3214
leds,81,3214
tung,81,3214
vogel,81,3214
bhai,81,3214
econ,81,3214
havin,81,3214
liang,81,3214
mccabe,81,3214
mori,81,3214
morty,81,3214
organiser,81,3214
smurf,81,3214
aguero,81,3214
bucky,81,3214
clintons,81,3214
nicholls,81,3214
awww,81,3214
becca,81,3214
izzy,81,3214
marr,81,3214
minaj,81,3214
nawaz,81,3214
urbana,81,3214
chipotle,81,3214
stratton,81,3214
vodafone,81,3214
botox,81,3214
ipads,81,3214
nanoparticles,81,3214
asheville,81,3214
kavanaugh,81,3214
scammers,81,3214
etienne,80,3175
cheques,80,3175
privatisation,80,3175
jazeera,80,3175
yusuf,80,3175
alves,80,3175
babcock,80,3175
criticising,80,3175
forza,80,3175
giroud,80,3175
hyung,80,3175
leung,80,3175
moffat,80,3175
sceptical,80,3175
atletico,80,3175
django,80,3175
imma,80,3175
kearney,80,3175
ozil,80,3175
pharrell,80,3175
sensei,80,3175
vick,80,3175
vickers,80,3175
bafta,80,3175
benji,80,3175
clooney,80,3175
glock,80,3175
naacp,80,3175
pendleton,80,3175
pogba,80,3175
zuma,80,3175
robo,80,3175
willoughby,80,3175
pell,80,3175
uconn,80,3175
maximise,80,3175
camaro,80,3175
quot,80,3175
whos,79,3136
institut,79,3136
canadiens,79,3136
nouveau,79,3136
terre,79,3136
tres,79,3136
mcmaster,79,3136
blanco,79,3136
musa,79,3136
puig,79,3136
emphasise,79,3136
kyiv,79,3136
khalil,79,3136
villiers,79,3136
civilised,79,3136
currie,79,3136
hirsch,79,3136
reza,79,3136
chao,79,3136
dobbs,79,3136
imax,79,3136
kilda,79,3136
movin,79,3136
shhh,79,3136
sutter,79,3136
tariq,79,3136
tron,79,3136
bassett,79,3136
dwyer,79,3136
kyung,79,3136
morrissey,79,3136
naïve,79,3136
rizzo,79,3136
sata,79,3136
seung,79,3136
shinji,79,3136
tris,79,3136
ultron,79,3136
vauxhall,79,3136
borussia,79,3136
boyz,79,3136
idris,79,3136
lukaku,79,3136
pacquiao,79,3136
rosenthal,79,3136
siegel,79,3136
tully,79,3136
yakuza,79,3136
apologised,79,3136
higgs,79,3136
morph,79,3136
ncis,79,3136
syed,79,3136
trish,79,3136
gandalf,79,3136
ozzy,79,3136
platt,79,3136
hailey,79,3136
neuro,79,3136
specialises,79,3136
icloud,79,3136
hasnt,78,3097
nacional,78,3097
pietro,78,3097
maría,78,3097
conf,78,3097
stefano,78,3097
garcía,78,3097
müller,78,3097
astra,78,3097
pointe,78,3097
mundo,78,3097
rcmp,78,3097
santander,78,3097
davos,78,3097
lucie,78,3097
peña,78,3097
ulrich,78,3097
avec,78,3097
flavoured,78,3097
ajay,78,3097
endeavours,78,3097
jing,78,3097
motogp,78,3097
neumann,78,3097
authorisation,78,3097
stubbs,78,3097
devlin,78,3097
jpeg,78,3097
kamal,78,3097
milly,78,3097
nakamura,78,3097
schiff,78,3097
simms,78,3097
smyth,78,3097
benn,78,3097
bromwich,78,3097
cheung,78,3097
driscoll,78,3097
hackett,78,3097
hvac,78,3097
keegan,78,3097
prolly,78,3097
saeed,78,3097
breitbart,78,3097
bryson,78,3097
cohn,78,3097
coutinho,78,3097
georgie,78,3097
hamish,78,3097
lannister,78,3097
martyn,78,3097
mmmm,78,3097
rumoured,78,3097
samuels,78,3097
sheehan,78,3097
ummm,78,3097
yuki,78,3097
zoey,78,3097
edelman,78,3097
famer,78,3097
muppets,78,3097
wnba,78,3097
balochistan,78,3097
childrens,78,3097
covington,78,3097
opioids,78,3097
preorder,78,3097
kohli,78,3097
prasad,78,3097
schoolers,78,3097
sephora,78,3097
financials,78,3097
danville,78,3097
suvs,78,3097
gaap,78,3097
centro,77,3058
piero,77,3058
jens,77,3058
niko,77,3058
versace,77,3058
bobo,77,3058
sato,77,3058
frickin,77,3058
gtfo,77,3058
quinoa,77,3058
spiegel,77,3058
brendon,77,3058
gump,77,3058
streep,77,3058
uhhh,77,3058
kombat,77,3058
murdock,77,3058
sandler,77,3058
shui,77,3058
winn,77,3058
deloitte,77,3058
kpop,77,3058
mcallister,77,3058
chrissy,77,3058
ethnicities,77,3058
xander,77,3058
yadav,77,3058
unauthorised,77,3058
graphene,77,3058
dslr,77,3058
patreon,77,3058
rsvp,77,3058
xiaomi,77,3058
keto,77,3058
tranny,76,3019
croix,76,3019
clermont,76,3019
fontaine,76,3019
habs,76,3019
vert,76,3019
centimetres,76,3019
benoit,76,3019
coll,76,3019
deutsch,76,3019
moulded,76,3019
guangdong,76,3019
phnom,76,3019
ferrer,76,3019
silvio,76,3019
soleil,76,3019
hadith,76,3019
groot,76,3019
maloney,76,3019
salim,76,3019
suárez,76,3019
baek,76,3019
brookings,76,3019
fong,76,3019
frick,76,3019
henning,76,3019
jeffries,76,3019
joffrey,76,3019
petri,76,3019
phuket,76,3019
saas,76,3019
sturridge,76,3019
cranston,76,3019
ewan,76,3019
jeong,76,3019
lutz,76,3019
mckinnon,76,3019
oppa,76,3019
woulda,76,3019
braxton,76,3019
criss,76,3019
gallipoli,76,3019
gonzaga,76,3019
kawhi,76,3019
matheson,76,3019
schofield,76,3019
wynne,76,3019
convo,76,3019
dara,76,3019
kirsty,76,3019
klopp,76,3019
mcmanus,76,3019
rhett,76,3019
sheesh,76,3019
sindh,76,3019
sxsw,76,3019
tupac,76,3019
wrexham,76,3019
babu,76,3019
brees,76,3019
brixton,76,3019
caitlyn,76,3019
foxx,76,3019
vinny,76,3019
bucs,76,3019
edmunds,76,3019
hannity,76,3019
somerville,76,3019
vikram,76,3019
kushner,76,3019
schwab,76,3019
bezos,76,3019
bryn,76,3019
rohit,76,3019
laude,76,3019
nordstrom,76,3019
vimeo,76,3019
commenters,76,3019
daca,76,3019
qualcomm,76,3019
phosphorylation,76,3019
endothelial,76,3019
rené,75,2980
façade,75,2980
ligue,75,2980
falco,75,2980
modernisation,75,2980
quan,75,2980
globalisation,75,2980
kofi,75,2980
benfica,75,2980
caro,75,2980
herzog,75,2980
historia,75,2980
jihadists,75,2980
oskar,75,2980
rojo,75,2980
agro,75,2980
bautista,75,2980
buena,75,2980
marko,75,2980
pfft,75,2980
pyjamas,75,2980
shakira,75,2980
ubisoft,75,2980
abercrombie,75,2980
cleary,75,2980
falcao,75,2980
fung,75,2980
ight,75,2980
jihadist,75,2980
macfarlane,75,2980
mcculloch,75,2980
pfeiffer,75,2980
utilise,75,2980
zlatan,75,2980
aguilera,75,2980
argh,75,2980
blount,75,2980
denzel,75,2980
drury,75,2980
edmonds,75,2980
farr,75,2980
feinstein,75,2980
humphreys,75,2980
jovi,75,2980
recognisable,75,2980
salmond,75,2980
sapiens,75,2980
smokin,75,2980
stfu,75,2980
tuttle,75,2980
wentz,75,2980
ashraf,75,2980
aung,75,2980
bourke,75,2980
cetera,75,2980
corcoran,75,2980
gifford,75,2980
hiro,75,2980
lesnar,75,2980
mcnally,75,2980
penrith,75,2980
sansa,75,2980
shih,75,2980
spalding,75,2980
teleport,75,2980
trayvon,75,2980
activision,75,2980
emojis,75,2980
lloyds,75,2980
rajiv,75,2980
dhoni,75,2980
ganesh,75,2980
keene,75,2980
scammer,75,2980
waverly,75,2980
arun,75,2980
kaepernick,75,2980
langston,75,2980
mehta,75,2980
synths,75,2980
impactful,75,2980
filipina,75,2980
suny,75,2980
influencer,75,2980
deux,74,2941
sant,74,2941
harbours,74,2941
vincenzo,74,2941
xviii,74,2941
lasalle,74,2941
petro,74,2941
splendour,74,2941
camino,74,2941
penh,74,2941
schwarz,74,2941
weil,74,2941
xxiii,74,2941
ipcc,74,2941
centralised,74,2941
labourer,74,2941
pereira,74,2941
almeida,74,2941
hurd,74,2941
saad,74,2941
customizable,74,2941
galatasaray,74,2941
gove,74,2941
href,74,2941
scepticism,74,2941
voip,74,2941
armitage,74,2941
fawcett,74,2941
hutchison,74,2941
juve,74,2941
lifes,74,2941
pewdiepie,74,2941
rosberg,74,2941
smurfs,74,2941
tetris,74,2941
tilly,74,2941
watercolour,74,2941
wilshere,74,2941
woolwich,74,2941
fayette,74,2941
hiroshi,74,2941
isaacs,74,2941
mackie,74,2941
manziel,74,2941
olly,74,2941
schaefer,74,2941
taggart,74,2941
trixie,74,2941
vinnie,74,2941
whelan,74,2941
ahhhh,74,2941
breen,74,2941
grosvenor,74,2941
herbie,74,2941
kasich,74,2941
katniss,74,2941
lawler,74,2941
shazam,74,2941
broome,74,2941
chilton,74,2941
harbaugh,74,2941
raza,74,2941
selby,74,2941
wilshire,74,2941
englewood,74,2941
ponzi,74,2941
abbie,74,2941
boehner,74,2941
directv,74,2941
hmmmm,74,2941
voila,74,2941
duterte,74,2941
jitsu,74,2941
zayn,74,2941
imho,74,2941
guillaume,73,2902
histoire,73,2902
unhcr,73,2902
gianni,73,2902
philipp,73,2902
porta,73,2902
calc,73,2902
massimo,73,2902
bleu,73,2902
christoph,73,2902
daniela,73,2902
gervais,73,2902
ascii,73,2902
favourably,73,2902
salomon,73,2902
cesare,73,2902
monika,73,2902
neuer,73,2902
bogota,73,2902
navi,73,2902
petr,73,2902
standardised,73,2902
atlético,73,2902
macgregor,73,2902
malia,73,2902
prev,73,2902
sandro,73,2902
arduino,73,2902
boop,73,2902
chiu,73,2902
coulda,73,2902
fellaini,73,2902
minogue,73,2902
misha,73,2902
niro,73,2902
posey,73,2902
schalke,73,2902
taxa,73,2902
evie,73,2902
galactica,73,2902
gartner,73,2902
holliday,73,2902
michaela,73,2902
ning,73,2902
ufos,73,2902
zidane,73,2902
bjorn,73,2902
buxton,73,2902
chappell,73,2902
dowd,73,2902
fisa,73,2902
habeas,73,2902
humphries,73,2902
klay,73,2902
kobayashi,73,2902
malloy,73,2902
ohhhh,73,2902
pemberton,73,2902
podesta,73,2902
priya,73,2902
rotc,73,2902
sarkar,73,2902
spieth,73,2902
stefani,73,2902
bharatiya,73,2902
bigelow,73,2902
edie,73,2902
healey,73,2902
kurtz,73,2902
mcdonough,73,2902
raju,73,2902
asda,73,2902
harrogate,73,2902
mcafee,73,2902
satoshi,73,2902
cersei,73,2902
ddos,73,2902
fanfic,73,2902
ketamine,73,2902
luffy,73,2902
hamptons,73,2902
jenn,73,2902
madhya,73,2902
khloe,73,2902
wray,73,2902
cpus,73,2902
etfs,73,2902
methylation,73,2902
rohingya,73,2902
québec,72,2863
jordans,72,2863
bouchard,72,2863
xxxx,72,2863
girard,72,2863
lópez,72,2863
ordinated,72,2863
sánchez,72,2863
avril,72,2863
bosco,72,2863
honouring,72,2863
favre,72,2863
ferreira,72,2863
agri,72,2863
dprk,72,2863
nicht,72,2863
reorganisation,72,2863
schmitt,72,2863
correa,72,2863
nieto,72,2863
sprague,72,2863
supp,72,2863
bianchi,72,2863
eine,72,2863
faqs,72,2863
kenney,72,2863
leverkusen,72,2863
paralysed,72,2863
phys,72,2863
ricci,72,2863
tavares,72,2863
farrar,72,2863
jihadi,72,2863
lorne,72,2863
mikael,72,2863
balotelli,72,2863
byrnes,72,2863
characterisation,72,2863
darlin,72,2863
karlsson,72,2863
nunn,72,2863
rennie,72,2863
sauvignon,72,2863
yamamoto,72,2863
zheng,72,2863
atherton,72,2863
danvers,72,2863
draymond,72,2863
falk,72,2863
foia,72,2863
kryptonite,72,2863
leahy,72,2863
localised,72,2863
marv,72,2863
marys,72,2863
mikel,72,2863
mirren,72,2863
mordor,72,2863
sasuke,72,2863
talia,72,2863
torrey,72,2863
tripp,72,2863
wasserman,72,2863
yorke,72,2863
clemente,72,2863
dermot,72,2863
foss,72,2863
boba,72,2863
cnet,72,2863
crocs,72,2863
ebenezer,72,2863
hollister,72,2863
mcfarlane,72,2863
mchugh,72,2863
quetta,72,2863
radford,72,2863
regionals,72,2863
sadiq,72,2863
shiro,72,2863
telford,72,2863
westmoreland,72,2863
digg,72,2863
kardashians,72,2863
pattinson,72,2863
guilford,72,2863
kona,72,2863
medford,72,2863
msrp,72,2863
sams,72,2863
stds,72,2863
zealanders,72,2863
drexel,72,2863
huckabee,72,2863
jolla,72,2863
oswego,72,2863
telangana,72,2863
hmrc,72,2863
devops,71,2824
fintech,71,2824
belleville,71,2824
moulding,71,2824
biennale,71,2824
moussa,71,2824
xperia,71,2824
blaise,71,2824
fertiliser,71,2824
mehdi,71,2824
elie,71,2824
mackinnon,71,2824
hdtv,71,2824
ilya,71,2824
gilmour,71,2824
jacoby,71,2824
meagre,71,2824
ricans,71,2824
saitama,71,2824
aoki,71,2824
ducati,71,2824
finalised,71,2824
givin,71,2824
harwood,71,2824
hearn,71,2824
hyuk,71,2824
indica,71,2824
krueger,71,2824
shangri,71,2824
thermo,71,2824
vmware,71,2824
yoshida,71,2824
blumenthal,71,2824
foote,71,2824
jurgen,71,2824
koko,71,2824
raheem,71,2824
rinehart,71,2824
yasmin,71,2824
colvin,71,2824
hyman,71,2824
imac,71,2824
klux,71,2824
paedophile,71,2824
walkie,71,2824
arnie,71,2824
broderick,71,2824
budd,71,2824
daenerys,71,2824
dalit,71,2824
davie,71,2824
féin,71,2824
maharaj,71,2824
razer,71,2824
sadler,71,2824
sauron,71,2824
trippy,71,2824
vips,71,2824
equaliser,71,2824
gottlieb,71,2824
litchfield,71,2824
mukherjee,71,2824
utilising,71,2824
fentanyl,71,2824
kaitlyn,71,2824
multiverse,71,2824
ofsted,71,2824
prakash,71,2824
logitech,71,2824
etihad,71,2824
oled,71,2824
merced,71,2824
asic,71,2824
fdic,71,2824
weve,70,2785
youd,70,2785
buhari,70,2785
zika,70,2785
entre,70,2785
lazio,70,2785
oclc,70,2785
pérez,70,2785
rodríguez,70,2785
xvii,70,2785
flaherty,70,2785
moulds,70,2785
daria,70,2785
favouring,70,2785
summarised,70,2785
rosso,70,2785
winkler,70,2785
dundas,70,2785
zhejiang,70,2785
austro,70,2785
gmos,70,2785
harald,70,2785
kessel,70,2785
résumé,70,2785
veritas,70,2785
andrey,70,2785
azhar,70,2785
bilal,70,2785
biofuels,70,2785
esposito,70,2785
magda,70,2785
marek,70,2785
matinee,70,2785
paediatric,70,2785
giannis,70,2785
mysql,70,2785
pellegrini,70,2785
roos,70,2785
defenceless,70,2785
flappy,70,2785
gambino,70,2785
gaol,70,2785
genji,70,2785
hayek,70,2785
hazmat,70,2785
ibrahimovic,70,2785
koenig,70,2785
mcnair,70,2785
mpeg,70,2785
myung,70,2785
omfg,70,2785
rofl,70,2785
rogan,70,2785
simmonds,70,2785
souza,70,2785
stressors,70,2785
toure,70,2785
watanabe,70,2785
xavi,70,2785
xinhua,70,2785
asuka,70,2785
briscoe,70,2785
chaz,70,2785
delevingne,70,2785
dolph,70,2785
dowling,70,2785
iniesta,70,2785
islamophobia,70,2785
isobel,70,2785
jian,70,2785
kenji,70,2785
lachlan,70,2785
meeks,70,2785
mlas,70,2785
noooo,70,2785
posner,70,2785
purdy,70,2785
robocop,70,2785
takahashi,70,2785
tekken,70,2785
thang,70,2785
unwin,70,2785
aberystwyth,70,2785
aggies,70,2785
dalek,70,2785
droids,70,2785
haider,70,2785
hirst,70,2785
hussey,70,2785
illawarra,70,2785
kaine,70,2785
lillard,70,2785
riker,70,2785
sedgwick,70,2785
suri,70,2785
belichick,70,2785
biomarkers,70,2785
kendal,70,2785
malhotra,70,2785
carrey,70,2785
deepak,70,2785
dougherty,70,2785
kota,70,2785
lanier,70,2785
loudoun,70,2785
lovato,70,2785
maxx,70,2785
ormond,70,2785
radha,70,2785
scifi,70,2785
soooooo,70,2785
specialise,70,2785
sunil,70,2785
trimble,70,2785
usmc,70,2785
yoshi,70,2785
baloch,70,2785
kincaid,70,2785
seng,70,2785
taekwondo,70,2785
maricopa,70,2785
snarky,70,2785
melania,70,2785
xfinity,70,2785
bioinformatics,70,2785
gurgaon,69,2746
trois,69,2746
auguste,69,2746
cristo,69,2746
medvedev,69,2746
adrien,69,2746
martínez,69,2746
nathalie,69,2746
sala,69,2746
benzema,69,2746
iglesias,69,2746
unfavourable,69,2746
chávez,69,2746
florian,69,2746
neve,69,2746
niño,69,2746
ordinator,69,2746
über,69,2746
giacomo,69,2746
merc,69,2746
sociedad,69,2746
swarovski,69,2746
méxico,69,2746
andrade,69,2746
xtreme,69,2746
shaolin,69,2746
acura,69,2746
authorise,69,2746
cinco,69,2746
courtois,69,2746
fina,69,2746
gracias,69,2746
hibbert,69,2746
janssen,69,2746
nesbitt,69,2746
paloma,69,2746
pero,69,2746
tiananmen,69,2746
vero,69,2746
crème,69,2746
espinosa,69,2746
kagawa,69,2746
mcneill,69,2746
saud,69,2746
savoury,69,2746
senpai,69,2746
tahir,69,2746
tierney,69,2746
welbeck,69,2746
arsehole,69,2746
borno,69,2746
chee,69,2746
chucky,69,2746
ebitda,69,2746
frasier,69,2746
graff,69,2746
hahahahaha,69,2746
javi,69,2746
konami,69,2746
kpmg,69,2746
laissez,69,2746
lewandowski,69,2746
lpga,69,2746
mulan,69,2746
nomura,69,2746
persie,69,2746
pows,69,2746
renner,69,2746
saito,69,2746
saiyan,69,2746
shabaab,69,2746
subsidised,69,2746
urgh,69,2746
wada,69,2746
wilkie,69,2746
drogba,69,2746
eisenberg,69,2746
farnsworth,69,2746
mcphee,69,2746
naylor,69,2746
osmond,69,2746
plunkett,69,2746
quantico,69,2746
sarin,69,2746
savile,69,2746
whoo,69,2746
azad,69,2746
beastie,69,2746
cliches,69,2746
glyn,69,2746
happend,69,2746
iman,69,2746
jett,69,2746
probs,69,2746
quigley,69,2746
quinlan,69,2746
xiang,69,2746
boro,69,2746
bosworth,69,2746
digimon,69,2746
flannery,69,2746
holbrook,69,2746
kejriwal,69,2746
lovett,69,2746
mishra,69,2746
outro,69,2746
rainey,69,2746
roms,69,2746
skyler,69,2746
stryker,69,2746
trifecta,69,2746
yarra,69,2746
desai,69,2746
hinckley,69,2746
roald,69,2746
arvind,69,2746
blasio,69,2746
mellitus,69,2746
prioritise,69,2746
wasn,69,2746
aretha,69,2746
mchenry,69,2746
missoula,69,2746
wouldn,69,2746
jinping,69,2746
kodi,69,2746
kauffman,69,2746
pompeo,69,2746
rpgs,69,2746
jpmorgan,69,2746
cytokines,69,2746
orig,69,2746
gauteng,69,2746
milfs,68,2707
merci,68,2707
sarkozy,68,2707
parc,68,2707
arnaud,68,2707
hollande,68,2707
zeitung,68,2707
peloton,68,2707
millimetres,68,2707
musica,68,2707
edouard,68,2707
officio,68,2707
defenceman,68,2707
domenico,68,2707
mehmet,68,2707
aleksandr,68,2707
priori,68,2707
schengen,68,2707
konstantin,68,2707
opie,68,2707
cassini,68,2707
drucker,68,2707
wich,68,2707
mcdougall,68,2707
moser,68,2707
savour,68,2707
berlusconi,68,2707
jizz,68,2707
vamos,68,2707
bruv,68,2707
krugman,68,2707
trott,68,2707
virtualization,68,2707
fuckery,68,2707
iverson,68,2707
pedersen,68,2707
babs,68,2707
chappelle,68,2707
eustace,68,2707
jeju,68,2707
krusty,68,2707
malkin,68,2707
marnie,68,2707
mcnulty,68,2707
megatron,68,2707
miyazaki,68,2707
smythe,68,2707
suzie,68,2707
banksy,68,2707
childress,68,2707
electronica,68,2707
euston,68,2707
futurama,68,2707
gelato,68,2707
halliday,68,2707
jimbo,68,2707
kuan,68,2707
ladd,68,2707
mcguinness,68,2707
ragnar,68,2707
saif,68,2707
thicke,68,2707
twerking,68,2707
siobhan,68,2707
darpa,68,2707
kenosha,68,2707
nang,68,2707
rousey,68,2707
verma,68,2707
whedon,68,2707
gofundme,68,2707
hendrick,68,2707
panchayat,68,2707
telstra,68,2707
mahesh,68,2707
zumba,68,2707
woodville,68,2707
ciudad,67,2668
côte,67,2668
neue,67,2668
oxfam,67,2668
nuevo,67,2668
ponte,67,2668
riccardo,67,2668
rosé,67,2668
ivoire,67,2668
bonjour,67,2668
mcarthur,67,2668
vittorio,67,2668
ferro,67,2668
giulia,67,2668
utilisation,67,2668
abou,67,2668
undp,67,2668
agua,67,2668
baptised,67,2668
andersson,67,2668
eduard,67,2668
krieger,67,2668
mccord,67,2668
ntsb,67,2668
fervour,67,2668
hortons,67,2668
strachan,67,2668
svetlana,67,2668
leukaemia,67,2668
marginalised,67,2668
pari,67,2668
farnham,67,2668
heil,67,2668
infiniti,67,2668
benitez,67,2668
khorasan,67,2668
laine,67,2668
larissa,67,2668
mulholland,67,2668
musculoskeletal,67,2668
petrov,67,2668
shao,67,2668
shou,67,2668
vivien,67,2668
yuen,67,2668
özil,67,2668
alexey,67,2668
apologising,67,2668
casillas,67,2668
customised,67,2668
geddes,67,2668
gung,67,2668
hibs,67,2668
kippur,67,2668
kojima,67,2668
lonsdale,67,2668
lyin,67,2668
mcfly,67,2668
morgana,67,2668
ralston,67,2668
stig,67,2668
stoddard,67,2668
thiel,67,2668
waka,67,2668
welker,67,2668
ainsworth,67,2668
amicus,67,2668
benning,67,2668
bledsoe,67,2668
corrigan,67,2668
hutt,67,2668
jefferies,67,2668
kohn,67,2668
lowndes,67,2668
tock,67,2668
wyman,67,2668
boing,67,2668
coker,67,2668
coombs,67,2668
devo,67,2668
enix,67,2668
ghibli,67,2668
jaffe,67,2668
juris,67,2668
kaufmann,67,2668
korn,67,2668
kravitz,67,2668
lexie,67,2668
meehan,67,2668
mesothelioma,67,2668
moulton,67,2668
murakami,67,2668
obamas,67,2668
shona,67,2668
sooners,67,2668
banerjee,67,2668
ghosh,67,2668
ivor,67,2668
json,67,2668
lando,67,2668
mcilroy,67,2668
morecambe,67,2668
parke,67,2668
rasa,67,2668
rosh,67,2668
rouhani,67,2668
santorum,67,2668
sats,67,2668
swartz,67,2668
teleportation,67,2668
thakur,67,2668
zanu,67,2668
glynn,67,2668
rajesh,67,2668
shatner,67,2668
smallville,67,2668
wahlberg,67,2668
aarp,67,2668
aggregator,67,2668
bainbridge,67,2668
bcci,67,2668
couldn,67,2668
heartedly,67,2668
jenni,67,2668
kourtney,67,2668
mckinsey,67,2668
vidya,67,2668
colonoscopy,67,2668
cybercrime,67,2668
ftse,67,2668
otago,67,2668
spidey,67,2668
sturgis,67,2668
cuyahoga,67,2668
devos,67,2668
wearables,67,2668
nanotubes,67,2668
pinoy,67,2668
vlog,67,2668
itll,66,2629
himachal,66,2629
nhtsa,66,2629
priyanka,66,2629
montréal,66,2629
gonzález,66,2629
fernández,66,2629
icao,66,2629
wilfrid,66,2629
guerre,66,2629
haim,66,2629
joão,66,2629
jürgen,66,2629
rodrigues,66,2629
toews,66,2629
universidad,66,2629
andrés,66,2629
nestlé,66,2629
español,66,2629
mobilisation,66,2629
brunner,66,2629
algarve,66,2629
armoury,66,2629
ntsc,66,2629
sommer,66,2629
barak,66,2629
gabbana,66,2629
metcalfe,66,2629
memoriam,66,2629
rada,66,2629
colonisation,66,2629
jure,66,2629
lavigne,66,2629
anatoly,66,2629
bada,66,2629
lansdowne,66,2629
mahmud,66,2629
opengl,66,2629
señor,66,2629
fifi,66,2629
funders,66,2629
ichi,66,2629
jenson,66,2629
lallana,66,2629
mcewen,66,2629
optimisation,66,2629
pancras,66,2629
tarek,66,2629
thot,66,2629
vitaly,66,2629
yeung,66,2629
dishonour,66,2629
elektra,66,2629
folic,66,2629
kasper,66,2629
kimura,66,2629
kroos,66,2629
lawrie,66,2629
raqqa,66,2629
stoll,66,2629
vroom,66,2629
biofuel,66,2629
cooney,66,2629
cronulla,66,2629
fricking,66,2629
hospitalised,66,2629
kowalski,66,2629
mcdavid,66,2629
mrsa,66,2629
neeson,66,2629
stannis,66,2629
stewie,66,2629
swinton,66,2629
tink,66,2629
transphobic,66,2629
vere,66,2629
xing,66,2629
yeezus,66,2629
aaah,66,2629
aang,66,2629
abrahams,66,2629
derozan,66,2629
dodds,66,2629
efron,66,2629
gibb,66,2629
goulburn,66,2629
jeon,66,2629
kavanagh,66,2629
kearns,66,2629
laguardia,66,2629
landers,66,2629
laurens,66,2629
mahmood,66,2629
mccaffrey,66,2629
mcclelland,66,2629
munson,66,2629
okey,66,2629
phelan,66,2629
pissy,66,2629
raytheon,66,2629
seri,66,2629
sympathise,66,2629
wapo,66,2629
yeovil,66,2629
anjali,66,2629
chrissie,66,2629
geary,66,2629
judeo,66,2629
keira,66,2629
mellor,66,2629
neff,66,2629
slytherin,66,2629
takeda,66,2629
weasley,66,2629
wycombe,66,2629
allianz,66,2629
chewbacca,66,2629
danica,66,2629
futsal,66,2629
givenchy,66,2629
hardie,66,2629
holtz,66,2629
mccaskill,66,2629
narayan,66,2629
shabab,66,2629
targaryen,66,2629
whoopi,66,2629
caltech,66,2629
euthanized,66,2629
gaffney,66,2629
roxbury,66,2629
sriracha,66,2629
weezer,66,2629
abubakar,66,2629
categorised,66,2629
indiegogo,66,2629
rensselaer,66,2629
bigg,66,2629
dhawan,66,2629
rosenstein,66,2629
asics,66,2629
yeezy,66,2629
ambien,66,2629
hillsboro,66,2629
mmorpg,66,2629
ibid,65,2590
wouldve,65,2590
cryptocurrencies,65,2590
hipaa,65,2590
oppo,65,2590
pcos,65,2590
publix,65,2590
nouvelle,65,2590
museo,65,2590
crim,65,2590
león,65,2590
instituto,65,2590
césar,65,2590
farc,65,2590
alegre,65,2590
apec,65,2590
ramón,65,2590
liberalisation,65,2590
mercier,65,2590
youssef,65,2590
azul,65,2590
ordinating,65,2590
jiangsu,65,2590
keita,65,2590
sepulchre,65,2590
zimmermann,65,2590
raison,65,2590
gordo,65,2590
mobilised,65,2590
rina,65,2590
stabilisation,65,2590
unger,65,2590
caicos,65,2590
duarte,65,2590
fuego,65,2590
gant,65,2590
industrialisation,65,2590
ribeiro,65,2590
uribe,65,2590
willi,65,2590
carvalho,65,2590
cristian,65,2590
fiorentina,65,2590
foie,65,2590
giancarlo,65,2590
gottfried,65,2590
jelena,65,2590
joao,65,2590
mcrae,65,2590
meri,65,2590
pirelli,65,2590
stabilise,65,2590
stabilised,65,2590
aslan,65,2590
axelrod,65,2590
daesh,65,2590
jalan,65,2590
schreiber,65,2590
touche,65,2590
dijk,65,2590
glyphosate,65,2590
icann,65,2590
jquery,65,2590
kelowna,65,2590
kwang,65,2590
lazer,65,2590
macular,65,2590
mohr,65,2590
nationalised,65,2590
pancho,65,2590
pattaya,65,2590
probiotics,65,2590
ralf,65,2590
zahra,65,2590
ancelotti,65,2590
barça,65,2590
blackie,65,2590
bowe,65,2590
cyberbullying,65,2590
dancin,65,2590
duvall,65,2590
elly,65,2590
fredrik,65,2590
geschichte,65,2590
halliwell,65,2590
kell,65,2590
kuroda,65,2590
laboured,65,2590
litt,65,2590
mcavoy,65,2590
mchale,65,2590
mclachlan,65,2590
panini,65,2590
protege,65,2590
rosenfeld,65,2590
sark,65,2590
sorensen,65,2590
spyder,65,2590
telekom,65,2590
toda,65,2590
zhong,65,2590
adios,65,2590
ajit,65,2590
anarcho,65,2590
anda,65,2590
farnborough,65,2590
gordy,65,2590
kubo,65,2590
raine,65,2590
utero,65,2590
zhen,65,2590
beresford,65,2590
brough,65,2590
centauri,65,2590
csiro,65,2590
dass,65,2590
denning,65,2590
exposé,65,2590
gollum,65,2590
holborn,65,2590
khamenei,65,2590
krauss,65,2590
lebowski,65,2590
madigan,65,2590
marylebone,65,2590
mears,65,2590
molloy,65,2590
moynihan,65,2590
patronising,65,2590
publicised,65,2590
rasheed,65,2590
ratcliffe,65,2590
rayner,65,2590
shakur,65,2590
shibuya,65,2590
skrillex,65,2590
staunton,65,2590
suga,65,2590
suki,65,2590
dalrymple,65,2590
dredd,65,2590
dwyane,65,2590
farber,65,2590
gcses,65,2590
gillingham,65,2590
hartlepool,65,2590
jacqui,65,2590
kesha,65,2590
lennie,65,2590
marysville,65,2590
miku,65,2590
pauly,65,2590
penske,65,2590
ricciardo,65,2590
rogen,65,2590
rolfe,65,2590
scofield,65,2590
spaulding,65,2590
speedo,65,2590
hollingsworth,65,2590
skank,65,2590
starz,65,2590
tshirt,65,2590
zeiss,65,2590
bday,65,2590
capitalise,65,2590
hervey,65,2590
knick,65,2590
nlrb,65,2590
prentiss,65,2590
reiss,65,2590
roethlisberger,65,2590
sharjah,65,2590
wirral,65,2590
yada,65,2590
bhatt,65,2590
dutt,65,2590
foles,65,2590
harvick,65,2590
makati,65,2590
maybelline,65,2590
waukesha,65,2590
woolworths,65,2590
etcetera,65,2590
neurodegenerative,65,2590
onesie,65,2590
blakely,65,2590
fafsa,65,2590
fmri,65,2590
cytokine,64,2551
eeoc,64,2551
gpus,64,2551
mahindra,64,2551
mbeki,64,2551
pathophysiology,64,2551
pyeongchang,64,2551
techcrunch,64,2551
videography,64,2551
société,64,2551
monza,64,2551
dany,64,2551
grupo,64,2551
casas,64,2551
fournier,64,2551
nabil,64,2551
cerro,64,2551
mathilde,64,2551
bahn,64,2551
charly,64,2551
vers,64,2551
xxii,64,2551
mcmurray,64,2551
danilo,64,2551
dulce,64,2551
déjà,64,2551
karel,64,2551
condé,64,2551
industrialised,64,2551
cristobal,64,2551
oakville,64,2551
amato,64,2551
civilisations,64,2551
nationalisation,64,2551
urbanisation,64,2551
girolamo,64,2551
qaida,64,2551
arcy,64,2551
bischoff,64,2551
allahu,64,2551
kampf,64,2551
lavrov,64,2551
mang,64,2551
pcbs,64,2551
recep,64,2551
shek,64,2551
vogt,64,2551
asghar,64,2551
decentralised,64,2551
dietz,64,2551
gott,64,2551
griff,64,2551
masa,64,2551
ovechkin,64,2551
valdes,64,2551
vergara,64,2551
apologises,64,2551
darko,64,2551
dupree,64,2551
joakim,64,2551
klinger,64,2551
leveson,64,2551
macintyre,64,2551
morsi,64,2551
mosby,64,2551
netizens,64,2551
saville,64,2551
soames,64,2551
statham,64,2551
sutcliffe,64,2551
thicc,64,2551
trapp,64,2551
annika,64,2551
azam,64,2551
bamford,64,2551
choy,64,2551
cuck,64,2551
forsythe,64,2551
hennessey,64,2551
higuain,64,2551
hinata,64,2551
houthis,64,2551
iver,64,2551
ivey,64,2551
lauer,64,2551
manmohan,64,2551
methuen,64,2551
moda,64,2551
nobu,64,2551
rafferty,64,2551
shhhh,64,2551
stinson,64,2551
takumi,64,2551
uxbridge,64,2551
velasquez,64,2551
wexler,64,2551
yousef,64,2551
yuna,64,2551
zedd,64,2551
chesney,64,2551
grohl,64,2551
hazzard,64,2551
malden,64,2551
modric,64,2551
munroe,64,2551
zucker,64,2551
biohazard,64,2551
cardiomyopathy,64,2551
divya,64,2551
gyllenhaal,64,2551
houthi,64,2551
iplayer,64,2551
jada,64,2551
mccollum,64,2551
mcconaughey,64,2551
ndtv,64,2551
putney,64,2551
riordan,64,2551
tilda,64,2551
uavs,64,2551
medway,64,2551
otaku,64,2551
pdfs,64,2551
roshan,64,2551
syfy,64,2551
undrafted,64,2551
wirelessly,64,2551
bozeman,64,2551
hoppy,64,2551
modded,64,2551
akshay,64,2551
amitabh,63,2512
clarksville,63,2512
nanoscale,63,2512
aamir,63,2512
basu,63,2512
biomarker,63,2512
boho,63,2512
bronzer,63,2512
chhattisgarh,63,2512
clarita,63,2512
djing,63,2512
harv,63,2512
hgtv,63,2512
literatures,63,2512
mages,63,2512
natively,63,2512
pacifica,63,2512
pubg,63,2512
ragnarok,63,2512
roseville,63,2512
virat,63,2512
vivek,63,2512
woot,63,2512
zynga,63,2512
iucn,63,2512
thessaloniki,63,2512
teatro,63,2512
sault,63,2512
organises,63,2512
giulio,63,2512
simcoe,63,2512
voor,63,2512
zona,63,2512
etudes,63,2512
filippo,63,2512
riva,63,2512
fallujah,63,2512
moretti,63,2512
nisha,63,2512
suis,63,2512
yannick,63,2512
aqsa,63,2512
corr,63,2512
fogg,63,2512
novi,63,2512
quattro,63,2512
turismo,63,2512
azur,63,2512
kemal,63,2512
raffaele,63,2512
vuelta,63,2512
zeit,63,2512
chim,63,2512
generalised,63,2512
cazorla,63,2512
characterise,63,2512
criticises,63,2512
filip,63,2512
pineda,63,2512
qual,63,2512
sais,63,2512
volker,63,2512
benzodiazepines,63,2512
choco,63,2512
damm,63,2512
georgi,63,2512
hilal,63,2512
jima,63,2512
roubles,63,2512
alcatel,63,2512
amador,63,2512
biodiesel,63,2512
conyers,63,2512
karzai,63,2512
lombardo,63,2512
meister,63,2512
chakras,63,2512
gastro,63,2512
hedwig,63,2512
jacinto,63,2512
katerina,63,2512
kiko,63,2512
murad,63,2512
nida,63,2512
pirlo,63,2512
schott,63,2512
soriano,63,2512
symantec,63,2512
synchronised,63,2512
teixeira,63,2512
voir,63,2512
aight,63,2512
bukhari,63,2512
centrepiece,63,2512
chae,63,2512
crispr,63,2512
depeche,63,2512
devel,63,2512
dimitrov,63,2512
ferraris,63,2512
fibromyalgia,63,2512
fiske,63,2512
gazprom,63,2512
greig,63,2512
kimber,63,2512
krug,63,2512
leavitt,63,2512
lundy,63,2512
mcelroy,63,2512
mclennan,63,2512
miyagi,63,2512
miyamoto,63,2512
mundy,63,2512
munn,63,2512
musgrave,63,2512
napolitano,63,2512
optimised,63,2512
pascoe,63,2512
perp,63,2512
specialities,63,2512
sturm,63,2512
tarik,63,2512
tsang,63,2512
chul,63,2512
enders,63,2512
frampton,63,2512
hedley,63,2512
hynes,63,2512
kono,63,2512
marg,63,2512
mcclintock,63,2512
musashi,63,2512
nooooo,63,2512
pyro,63,2512
robison,63,2512
uhhhh,63,2512
unsc,63,2512
vandenberg,63,2512
abreu,63,2512
aegon,63,2512
arie,63,2512
atmos,63,2512
bleh,63,2512
bletchley,63,2512
brienne,63,2512
capaldi,63,2512
capitan,63,2512
concacaf,63,2512
folate,63,2512
ghani,63,2512
grrr,63,2512
hikaru,63,2512
icbm,63,2512
jorgensen,63,2512
karp,63,2512
kerber,63,2512
kilpatrick,63,2512
moffett,63,2512
njpw,63,2512
nutt,63,2512
nuys,63,2512
ricketts,63,2512
schrader,63,2512
shaheen,63,2512
singlehandedly,63,2512
slattery,63,2512
splatoon,63,2512
sturt,63,2512
tendulkar,63,2512
trask,63,2512
traumatised,63,2512
zaha,63,2512
aest,63,2512
akhtar,63,2512
alasdair,63,2512
aragorn,63,2512
arnett,63,2512
baidu,63,2512
blige,63,2512
blogosphere,63,2512
blyth,63,2512
brecon,63,2512
embiid,63,2512
feinberg,63,2512
gautam,63,2512
girardi,63,2512
gruden,63,2512
gryffindor,63,2512
juilliard,63,2512
keir,63,2512
meena,63,2512
menendez,63,2512
michonne,63,2512
naik,63,2512
priebus,63,2512
purvis,63,2512
ques,63,2512
stoughton,63,2512
strasburg,63,2512
tulsi,63,2512
ambrosio,63,2512
chatterjee,63,2512
delorean,63,2512
imessage,63,2512
keefe,63,2512
komodo,63,2512
macclesfield,63,2512
mmmmm,63,2512
nervosa,63,2512
olney,63,2512
rehman,63,2512
sexualized,63,2512
synthase,63,2512
thro,63,2512
wakanda,63,2512
flacco,63,2512
geri,63,2512
ibanez,63,2512
ipods,63,2512
neiman,63,2512
pederson,63,2512
unlv,63,2512
boynton,63,2512
herbalife,63,2512
hernando,63,2512
incredibles,63,2512
krispy,63,2512
mesmerising,63,2512
suprised,63,2512
cyndi,63,2512
theyve,62,2473
aways,62,2473
bharti,62,2473
birkin,62,2473
cabello,62,2473
cking,62,2473
elissa,62,2473
expedia,62,2473
gorsuch,62,2473
gwinnett,62,2473
hadoop,62,2473
ichigo,62,2473
illini,62,2473
intraday,62,2473
jawaharlal,62,2473
jharkhand,62,2473
kawaii,62,2473
ladbrokes,62,2473
lidl,62,2473
magick,62,2473
newington,62,2473
nuffield,62,2473
pcie,62,2473
phds,62,2473
shopify,62,2473
socialise,62,2473
tedx,62,2473
texarkana,62,2473
ulta,62,2473
uttarakhand,62,2473
verstappen,62,2473
vikas,62,2473
vishal,62,2473
xoxo,62,2473
zayed,62,2473
français,62,2473
musik,62,2473
paribas,62,2473
hernández,62,2473
leclerc,62,2473
werk,62,2473
cristal,62,2473
fabrizio,62,2473
keiko,62,2473
maarten,62,2473
mobilise,62,2473
icrc,62,2473
santorini,62,2473
lacroix,62,2473
plessis,62,2473
wilfried,62,2473
natura,62,2473
nederland,62,2473
ryerson,62,2473
hecht,62,2473
karabakh,62,2473
coelho,62,2473
emptive,62,2473
millimetre,62,2473
sceptre,62,2473
adriano,62,2473
erdoğan,62,2473
facie,62,2473
gert,62,2473
jamaat,62,2473
tsui,62,2473
schmitz,62,2473
señora,62,2473
ahmadi,62,2473
aleksandar,62,2473
antiretroviral,62,2473
cosa,62,2473
dagestan,62,2473
giordano,62,2473
hachette,62,2473
holger,62,2473
ishikawa,62,2473
ogilvie,62,2473
telus,62,2473
blatter,62,2473
falcone,62,2473
hebei,62,2473
machu,62,2473
modernised,62,2473
portobello,62,2473
privatised,62,2473
prosecutorial,62,2473
reimer,62,2473
sauber,62,2473
sepp,62,2473
shimano,62,2473
watters,62,2473
wilmot,62,2473
duquesne,62,2473
gilly,62,2473
ivanovic,62,2473
laszlo,62,2473
sweety,62,2473
telemedicine,62,2473
tropez,62,2473
wali,62,2473
yulia,62,2473
alrighty,62,2473
ateneo,62,2473
baynes,62,2473
blatt,62,2473
braithwaite,62,2473
carruthers,62,2473
chibok,62,2473
cialis,62,2473
drivin,62,2473
décor,62,2473
gascoigne,62,2473
ginn,62,2473
hahahah,62,2473
hanzo,62,2473
hossein,62,2473
joong,62,2473
keeley,62,2473
kitt,62,2473
koji,62,2473
likud,62,2473
lockett,62,2473
luhansk,62,2473
mccauley,62,2473
medica,62,2473
meltzer,62,2473
morey,62,2473
motherfuckin,62,2473
nsaids,62,2473
optimise,62,2473
pacman,62,2473
pilkington,62,2473
radisson,62,2473
rapp,62,2473
rika,62,2473
sasaki,62,2473
saya,62,2473
schweinsteiger,62,2473
seong,62,2473
skoda,62,2473
soren,62,2473
teng,62,2473
tisdale,62,2473
tivo,62,2473
zeller,62,2473
atchison,62,2473
bromance,62,2473
castiel,62,2473
cavanaugh,62,2473
chua,62,2473
croker,62,2473
ewen,62,2473
foyle,62,2473
gorillaz,62,2473
gronk,62,2473
gwynn,62,2473
hideo,62,2473
hinkley,62,2473
knott,62,2473
kondo,62,2473
leandro,62,2473
leavin,62,2473
miri,62,2473
mofo,62,2473
outkast,62,2473
pujols,62,2473
radley,62,2473
sakurai,62,2473
sashimi,62,2473
schaeffer,62,2473
segway,62,2473
shinjuku,62,2473
snodgrass,62,2473
tigger,62,2473
unsee,62,2473
vann,62,2473
vevo,62,2473
yamaguchi,62,2473
astley,62,2473
awwww,62,2473
baratheon,62,2473
bizarro,62,2473
bynum,62,2473
dayz,62,2473
doppelganger,62,2473
eval,62,2473
fiennes,62,2473
griezmann,62,2473
huma,62,2473
kennett,62,2473
kyoko,62,2473
lambo,62,2473
lanham,62,2473
lauryn,62,2473
matsumoto,62,2473
mcauliffe,62,2473
morrell,62,2473
natsu,62,2473
nori,62,2473
rafi,62,2473
razak,62,2473
rittenhouse,62,2473
sharapova,62,2473
afridi,62,2473
autosomal,62,2473
birdy,62,2473
bldg,62,2473
celta,62,2473
donohue,62,2473
eazy,62,2473
elegans,62,2473
ellery,62,2473
eoin,62,2473
exoplanets,62,2473
gurl,62,2473
kaiju,62,2473
klingons,62,2473
malfoy,62,2473
mccracken,62,2473
minimising,62,2473
nuff,62,2473
qureshi,62,2473
rutter,62,2473
sucky,62,2473
taylors,62,2473
thunk,62,2473
waaaay,62,2473
weaponized,62,2473
willett,62,2473
ziggler,62,2473
burj,62,2473
kenner,62,2473
kerb,62,2473
kilgore,62,2473
passaic,62,2473
roxas,62,2473
rspca,62,2473
shaquille,62,2473
tonk,62,2473
zander,62,2473
zora,62,2473
zuckerman,62,2473
bixby,62,2473
fett,62,2473
harford,62,2473
meijer,62,2473
paterno,62,2473
appt,61,2434
bodie,61,2434
buell,61,2434
chula,61,2434
cupertino,61,2434
dandenong,61,2434
engl,61,2434
farmville,61,2434
gaithersburg,61,2434
ghanaians,61,2434
hagerstown,61,2434
hehehe,61,2434
jeffers,61,2434
johor,61,2434
keurig,61,2434
megadeth,61,2434
mukesh,61,2434
muncie,61,2434
nanda,61,2434
naperville,61,2434
nilly,61,2434
peasy,61,2434
rukh,61,2434
scunthorpe,61,2434
sheamus,61,2434
shultz,61,2434
siddiqui,61,2434
snohomish,61,2434
socialising,61,2434
tannehill,61,2434
telco,61,2434
videographer,61,2434
vocab,61,2434
waikato,61,2434
wishy,61,2434
woolsey,61,2434
zooey,61,2434
sulphate,61,2434
état,61,2434
agence,61,2434
martín,61,2434
montreux,61,2434
sylvain,61,2434
toussaint,61,2434
daniele,61,2434
lettres,61,2434
recherche,61,2434
díaz,61,2434
ould,61,2434
nostra,61,2434
raúl,61,2434
appa,61,2434
cours,61,2434
gallardo,61,2434
sauer,61,2434
sebastien,61,2434
amaya,61,2434
deutschen,61,2434
mundi,61,2434
schmid,61,2434
societe,61,2434
corsa,61,2434
courtenay,61,2434
ingersoll,61,2434
odette,61,2434
specialisation,61,2434
colville,61,2434
edvard,61,2434
maurer,61,2434
ombre,61,2434
geun,61,2434
reiki,61,2434
steffen,61,2434
vespa,61,2434
aaaa,61,2434
assistive,61,2434
ayurvedic,61,2434
byung,61,2434
cassell,61,2434
drupal,61,2434
groucho,61,2434
januzaj,61,2434
kennedys,61,2434
koichi,61,2434
lansbury,61,2434
lauda,61,2434
mcloughlin,61,2434
mehr,61,2434
mucho,61,2434
murano,61,2434
peake,61,2434
pettigrew,61,2434
picchu,61,2434
randomised,61,2434
rong,61,2434
schafer,61,2434
tayyip,61,2434
boku,61,2434
dembele,61,2434
hsiao,61,2434
ichiro,61,2434
lumley,61,2434
mcnabb,61,2434
tomkins,61,2434
vivi,61,2434
yumi,61,2434
alun,61,2434
bruyne,61,2434
burqa,61,2434
cally,61,2434
chil,61,2434
embarassing,61,2434
fassbender,61,2434
glick,61,2434
gowdy,61,2434
hodder,61,2434
iwatch,61,2434
kroll,61,2434
lannisters,61,2434
loew,61,2434
lolol,61,2434
massie,61,2434
mcghee,61,2434
merthyr,61,2434
midori,61,2434
sharkey,61,2434
shekhar,61,2434
steyn,61,2434
transphobia,61,2434
ullman,61,2434
wawrinka,61,2434
wayyy,61,2434
wirth,61,2434
wojciech,61,2434
cheadle,61,2434
crandall,61,2434
degrasse,61,2434
exoplanet,61,2434
kanawha,61,2434
koehler,61,2434
mcewan,61,2434
mudd,61,2434
murthy,61,2434
prosser,61,2434
sainsbury,61,2434
srinivasan,61,2434
tallulah,61,2434
zain,61,2434
zuko,61,2434
dulwich,61,2434
galvin,61,2434
gorham,61,2434
jindal,61,2434
ladakh,61,2434
oxycodone,61,2434
petraeus,61,2434
theyll,60,2395
adelphi,60,2395
aiko,60,2395
allardyce,60,2395
becuase,60,2395
beloit,60,2395
berkowitz,60,2395
biltmore,60,2395
biosciences,60,2395
brainiac,60,2395
brevard,60,2395
bukit,60,2395
charlize,60,2395
crist,60,2395
cuny,60,2395
cybermen,60,2395
dutchess,60,2395
eevee,60,2395
equalised,60,2395
farris,60,2395
fenn,60,2395
fenner,60,2395
fics,60,2395
fomo,60,2395
fyodor,60,2395
geico,60,2395
gippsland,60,2395
grenfell,60,2395
hackathon,60,2395
hemmings,60,2395
hiddleston,60,2395
hokies,60,2395
horsham,60,2395
hulme,60,2395
jalapeno,60,2395
jemma,60,2395
jenks,60,2395
keswick,60,2395
knowledgable,60,2395
kreme,60,2395
laney,60,2395
lathrop,60,2395
leggett,60,2395
lotr,60,2395
louboutin,60,2395
ludacris,60,2395
mawr,60,2395
maximising,60,2395
mccown,60,2395
merriman,60,2395
merv,60,2395
midler,60,2395
mitral,60,2395
mizzou,60,2395
mortensen,60,2395
mumbo,60,2395
naidu,60,2395
nbcuniversal,60,2395
neko,60,2395
neuroscientists,60,2395
normalised,60,2395
permanente,60,2395
petey,60,2395
photonics,60,2395
pratap,60,2395
preorders,60,2395
pringles,60,2395
quinnipiac,60,2395
raikkonen,60,2395
rasmus,60,2395
ridgway,60,2395
rikki,60,2395
roti,60,2395
saheb,60,2395
sajid,60,2395
salafi,60,2395
sandringham,60,2395
schatz,60,2395
sdgs,60,2395
selig,60,2395
shae,60,2395
shailene,60,2395
shashi,60,2395
shiba,60,2395
siriusxm,60,2395
srinivas,60,2395
subreddit,60,2395
symbiote,60,2395
talladega,60,2395
tasers,60,2395
tastic,60,2395
tavistock,60,2395
technica,60,2395
tremont,60,2395
udaipur,60,2395
unranked,60,2395
verdes,60,2395
verlander,60,2395
vinod,60,2395
vlogs,60,2395
voorhees,60,2395
willey,60,2395
wolcott,60,2395
zillow,60,2395
zoya,60,2395
française,60,2395
españa,60,2395
gérard,60,2395
veneto,60,2395
hofmann,60,2395
giuliano,60,2395
gauthier,60,2395
garnier,60,2395
grasse,60,2395
maurizio,60,2395
ttip,60,2395
bianco,60,2395
lemieux,60,2395
céline,60,2395
echr,60,2395
fabius,60,2395
juli,60,2395
kamloops,60,2395
morrisons,60,2395
okanagan,60,2395
oper,60,2395
bernd,60,2395
bremer,60,2395
communiqué,60,2395
gabriele,60,2395
ilan,60,2395
maribor,60,2395
narco,60,2395
publics,60,2395
resto,60,2395
ángel,60,2395
kundalini,60,2395
ponta,60,2395
sani,60,2395
centimetre,60,2395
diario,60,2395
dvorak,60,2395
galvanised,60,2395
missa,60,2395
wawa,60,2395
authorising,60,2395
courant,60,2395
globo,60,2395
kovacs,60,2395
savin,60,2395
afrika,60,2395
etude,60,2395
persson,60,2395
yasser,60,2395
amari,60,2395
basf,60,2395
bosphorus,60,2395
brics,60,2395
carboxylic,60,2395
carrasco,60,2395
causa,60,2395
cavalli,60,2395
chambre,60,2395
giovanna,60,2395
krazy,60,2395
lovren,60,2395
mpaa,60,2395
pelle,60,2395
taiji,60,2395
tohoku,60,2395
anak,60,2395
bamba,60,2395
barbosa,60,2395
benigno,60,2395
bioavailability,60,2395
coutts,60,2395
dalia,60,2395
elec,60,2395
gerda,60,2395
guetta,60,2395
haaretz,60,2395
labouring,60,2395
leamington,60,2395
multicast,60,2395
olsson,60,2395
publ,60,2395
ricoh,60,2395
sids,60,2395
stil,60,2395
symons,60,2395
arkady,60,2395
cannabinoids,60,2395
gisele,60,2395
hendrik,60,2395
horvath,60,2395
idgaf,60,2395
inigo,60,2395
khun,60,2395
mises,60,2395
monogatari,60,2395
prednisone,60,2395
pyke,60,2395
voight,60,2395
yarmouk,60,2395
youngs,60,2395
zainab,60,2395
aaaah,60,2395
adil,60,2395
akram,60,2395
annalise,60,2395
brabham,60,2395
computerised,60,2395
crowther,60,2395
derp,60,2395
downie,60,2395
ehhh,60,2395
einar,60,2395
hayashi,60,2395
hazrat,60,2395
henny,60,2395
hermosa,60,2395
hing,60,2395
hsien,60,2395
ishida,60,2395
ivar,60,2395
jepsen,60,2395
kaoru,60,2395
kompany,60,2395
koscielny,60,2395
lally,60,2395
lanza,60,2395
matias,60,2395
menzel,60,2395
metformin,60,2395
morell,60,2395
muda,60,2395
pocus,60,2395
pubmed,60,2395
sakho,60,2395
selwyn,60,2395
tada,60,2395
trav,60,2395
unser,60,2395
visualise,60,2395
voce,60,2395
yazidi,60,2395
bric,60,2395
chewie,60,2395
daya,60,2395
glenelg,60,2395
hummels,60,2395
inoue,60,2395
jessi,60,2395
kendricks,60,2395
kilburn,60,2395
malcom,60,2395
nazir,60,2395
nott,60,2395
oleksandr,60,2395
ozawa,60,2395
penalised,60,2395
potro,60,2395
rawlins,60,2395
rosenbaum,60,2395
shaheed,60,2395
shitter,60,2395
stott,60,2395
sumitomo,60,2395
uyghur,60,2395
vallarta,60,2395
vander,60,2395
waifu,60,2395
whalen,60,2395
bhagat,60,2395
brompton,60,2395
epub,60,2395
feeney,60,2395
flagg,60,2395
holla,60,2395
hollins,60,2395
kazuo,60,2395
lineker,60,2395
masood,60,2395
mccluskey,60,2395
mcmullen,60,2395
mcmurdo,60,2395
nizam,60,2395
oughta,60,2395
peds,60,2395
pettis,60,2395
pmqs,60,2395
preordered,60,2395
ahhhhh,59,2356
anheuser,59,2356
arians,59,2356
bhushan,59,2356
borat,59,2356
bourdain,59,2356
burnie,59,2356
cort,59,2356
coun,59,2356
darden,59,2356
darley,59,2356
divi,59,2356
dovey,59,2356
fashionista,59,2356
foxtel,59,2356
gannett,59,2356
golovkin,59,2356
goodison,59,2356
haile,59,2356
hetty,59,2356
hosmer,59,2356
howarth,59,2356
iirc,59,2356
intubation,59,2356
kalman,59,2356
kashi,59,2356
koeman,59,2356
labeouf,59,2356
lorelai,59,2356
mcadams,59,2356
miao,59,2356
minimalistic,59,2356
mizuno,59,2356
muggle,59,2356
multimodal,59,2356
māori,59,2356
opry,59,2356
pegg,59,2356
progressivism,59,2356
schaffer,59,2356
shetty,59,2356
shree,59,2356
thabo,59,2356
trax,59,2356
twerk,59,2356
uggs,59,2356
westcott,59,2356
worley,59,2356
acharya,59,2356
ahsoka,59,2356
ambedkar,59,2356
anacostia,59,2356
apac,59,2356
arabidopsis,59,2356
arda,59,2356
arendt,59,2356
arquette,59,2356
artagnan,59,2356
arunachal,59,2356
ashish,59,2356
batchelor,59,2356
bayliss,59,2356
belvoir,59,2356
bhubaneswar,59,2356
birla,59,2356
blanchett,59,2356
bogo,59,2356
bojack,59,2356
brackett,59,2356
brereton,59,2356
brony,59,2356
brunson,59,2356
bundaberg,59,2356
ceredigion,59,2356
ciaran,59,2356
clarksburg,59,2356
cringey,59,2356
cydia,59,2356
darshan,59,2356
davina,59,2356
directx,59,2356
elspeth,59,2356
everly,59,2356
fazio,59,2356
feyenoord,59,2356
fwiw,59,2356
garuda,59,2356
gerhardt,59,2356
goetz,59,2356
goro,59,2356
halpern,59,2356
hampson,59,2356
haruka,59,2356
hematopoietic,59,2356
hutchings,59,2356
ibrox,59,2356
infosys,59,2356
inuyasha,59,2356
isro,59,2356
iyer,59,2356
kree,59,2356
lackawanna,59,2356
lanning,59,2356
lecter,59,2356
legalised,59,2356
legolas,59,2356
leong,59,2356
leonie,59,2356
lilley,59,2356
lithgow,59,2356
logics,59,2356
longoria,59,2356
lordy,59,2356
maddison,59,2356
madhu,59,2356
manitowoc,59,2356
mcadoo,59,2356
mccarron,59,2356
mccloud,59,2356
megumi,59,2356
mids,59,2356
miko,59,2356
miura,59,2356
mmol,59,2356
mojito,59,2356
molyneux,59,2356
mucosal,59,2356
mysterio,59,2356
naloxone,59,2356
nikhil,59,2356
obasanjo,59,2356
ojai,59,2356
osorio,59,2356
paducah,59,2356
paedophiles,59,2356
pinellas,59,2356
pritchett,59,2356
pyne,59,2356
qasim,59,2356
rajeev,59,2356
ranjit,59,2356
rhoades,59,2356
rian,59,2356
ricki,59,2356
rida,59,2356
righty,59,2356
rimmer,59,2356
risa,59,2356
rusev,59,2356
sabo,59,2356
sangh,59,2356
schaub,59,2356
scherzer,59,2356
simran,59,2356
sorkin,59,2356
stanislaus,59,2356
strahan,59,2356
suplex,59,2356
teleported,59,2356
theobald,59,2356
tikka,59,2356
tokio,59,2356
toomey,59,2356
toons,59,2356
trna,59,2356
tsarnaev,59,2356
ucsb,59,2356
vasily,59,2356
venables,59,2356
vmas,59,2356
wala,59,2356
wallach,59,2356
wayyyy,59,2356
webinars,59,2356
westboro,59,2356
westpac,59,2356
wifey,59,2356
wilco,59,2356
wilks,59,2356
wootton,59,2356
wuthering,59,2356
yatra,59,2356
zinn,59,2356
musée,59,2356
université,59,2356
stéphane,59,2356
foto,59,2356
lugano,59,2356
abdallah,59,2356
saxe,59,2356
enfant,59,2356
jesús,59,2356
rino,59,2356
brun,59,2356
vittoria,59,2356
alix,59,2356
anker,59,2356
motorised,59,2356
nanaimo,59,2356
tommaso,59,2356
venturi,59,2356
vivendi,59,2356
coupé,59,2356
eads,59,2356
manoeuvring,59,2356
vecchio,59,2356
être,59,2356
davide,59,2356
giorno,59,2356
klara,59,2356
probst,59,2356
arsène,59,2356
bosque,59,2356
dusseldorf,59,2356
enda,59,2356
fertilisation,59,2356
islami,59,2356
mustapha,59,2356
nella,59,2356
nuri,59,2356
piotr,59,2356
ronaldinho,59,2356
yitzhak,59,2356
ballantyne,59,2356
bloor,59,2356
clinique,59,2356
fibreglass,59,2356
jerzy,59,2356
modernise,59,2356
nikolay,59,2356
polarisation,59,2356
riaa,59,2356
shelburne,59,2356
amelie,59,2356
ekaterina,59,2356
ganz,59,2356
joie,59,2356
prendergast,59,2356
struct,59,2356
zaman,59,2356
dann,59,2356
freund,59,2356
froome,59,2356
gennady,59,2356
hennepin,59,2356
kadri,59,2356
pontius,59,2356
prospero,59,2356
queenie,59,2356
rizzoli,59,2356
stef,59,2356
zaza,59,2356
zeitschrift,59,2356
amalfi,59,2356
baghdadi,59,2356
carvajal,59,2356
chequered,59,2356
colonised,59,2356
dhcp,59,2356
geraint,59,2356
heffernan,59,2356
hercule,59,2356
ieds,59,2356
kiri,59,2356
lundqvist,59,2356
microsd,59,2356
sorenson,59,2356
trac,59,2356
visualisation,59,2356
barratt,59,2356
caputo,59,2356
clyne,59,2356
einer,59,2356
jiro,59,2356
killa,59,2356
mwah,59,2356
mykonos,59,2356
wifes,58,2317
alzheimers,58,2317
catalunya,58,2317
avenida,58,2317
renaud,58,2317
trop,58,2317
stanislas,58,2317
gómez,58,2317
phaser,58,2317
colourless,58,2317
stephane,58,2317
vella,58,2317
appl,58,2317
dyck,58,2317
estrella,58,2317
ipsos,58,2317
cosimo,58,2317
katharina,58,2317
poirier,58,2317
ciro,58,2317
concours,58,2317
legalisation,58,2317
standardisation,58,2317
unrwa,58,2317
agostino,58,2317
hariri,58,2317
watercolours,58,2317
yunus,58,2317
lans,58,2317
nigra,58,2317
omnia,58,2317
shura,58,2317
symbolises,58,2317
xxiv,58,2317
numero,58,2317
riba,58,2317
vivre,58,2317
bifida,58,2317
brussel,58,2317
ehud,58,2317
mertens,58,2317
misa,58,2317
omnium,58,2317
stylised,58,2317
chocolat,58,2317
dari,58,2317
knowlton,58,2317
malmo,58,2317
sissoko,58,2317
tobruk,58,2317
veronika,58,2317
anaphylactic,58,2317
chuan,58,2317
invicta,58,2317
ipso,58,2317
kinsella,58,2317
mckellar,58,2317
yorks,57,2278
serv,57,2278
françoise,57,2278
hôtel,57,2278
strasse,57,2278
degli,57,2278
jérôme,57,2278
groupe,57,2278
juncker,57,2278
palacio,57,2278
quercus,57,2278
régime,57,2278
lefebvre,57,2278
livres,57,2278
cpac,57,2278
dassault,57,2278
quang,57,2278
rémy,57,2278
triomphe,57,2278
aristide,57,2278
michaud,57,2278
ananda,57,2278
bossa,57,2278
hawkesbury,57,2278
pelé,57,2278
reiter,57,2278
yann,57,2278
puente,57,2278
radek,57,2278
paradiso,57,2278
buda,57,2278
odile,57,2278
yanukovych,57,2278
zoran,57,2278
doña,57,2278
ferrero,57,2278
mclellan,57,2278
quds,57,2278
renzo,57,2278
azeri,57,2278
patrik,57,2278
rousseff,57,2278
freebsd,57,2278
heng,57,2278
lefevre,57,2278
muammar,57,2278
presidente,57,2278
rincon,57,2278
suter,57,2278
ummah,57,2278
valeri,57,2278
vladislav,57,2278
andrzej,57,2278
chechens,57,2278
endeavoured,57,2278
generalisation,57,2278
gennaro,57,2278
jourdan,57,2278
pires,57,2278
sasa,57,2278
segura,57,2278
velasco,57,2278
buch,57,2278
gynaecology,57,2278
lgbti,57,2278
alstom,56,2239
barroso,56,2239
hélène,56,2239
conseil,56,2239
estado,56,2239
afrique,56,2239
connexion,56,2239
asterix,56,2239
ridings,56,2239
américa,56,2239
deschamps,56,2239
ghraib,56,2239
guantánamo,56,2239
negra,56,2239
sont,56,2239
blaney,56,2239
canadensis,56,2239
dansk,56,2239
lapointe,56,2239
maclaren,56,2239
pressurised,56,2239
scherer,56,2239
unep,56,2239
khawaja,56,2239
srebrenica,56,2239
joubert,56,2239
tomás,56,2239
touré,56,2239
villanueva,56,2239
fonte,56,2239
mouldings,56,2239
populus,56,2239
salud,56,2239
thibault,56,2239
nagorno,56,2239
prise,56,2239
fausto,56,2239
mujeres,56,2239
pharmacokinetics,56,2239
poroshenko,56,2239
alcantara,56,2239
biol,56,2239
brodeur,56,2239
evgeny,56,2239
juma,56,2239
bartolo,56,2239
gault,56,2239
couldve,55,2200
frédéric,55,2200
musique,55,2200
léon,55,2200
münchen,55,2200
québécois,55,2200
adolphe,55,2200
générale,55,2200
castello,55,2200
falun,55,2200
maersk,55,2200
politique,55,2200
boudreau,55,2200
reggio,55,2200
casimir,55,2200
sancti,55,2200
sistema,55,2200
tremblay,55,2200
après,55,2200
libro,55,2200
schloss,55,2200
blau,55,2200
borland,55,2200
glas,55,2200
cultura,55,2200
decentralisation,55,2200
havilland,55,2200
industrie,55,2200
isidore,55,2200
lloris,55,2200
rien,55,2200
aubry,55,2200
blas,55,2200
blundell,55,2200
morissette,55,2200
aliyev,55,2200
antonov,55,2200
fertilisers,55,2200
kamp,55,2200
muñoz,55,2200
bakker,55,2200
dilma,55,2200
dinh,55,2200
maro,55,2200
nicolás,55,2200
varela,55,2200
grazie,55,2200
italo,55,2200
pricewaterhousecoopers,55,2200
shouldve,54,2161
santas,54,2161
vieux,54,2161
platz,54,2161
jalal,54,2161
calderón,54,2161
belgique,54,2161
camillo,54,2161
juni,54,2161
tête,54,2161
zell,54,2161
andrej,54,2161
glaxosmithkline,54,2161
laure,54,2161
país,54,2161
wulf,54,2161
battista,54,2161
dominik,54,2161
frantz,54,2161
lagarde,54,2161
paseo,54,2161
melilla,54,2161
adress,54,2161
bord,54,2161
koreas,53,2122
rhône,53,2122
internacional,53,2122
parkers,53,2122
sint,53,2122
göttingen,53,2122
jeune,53,2122
reine,53,2122
stadt,53,2122
cielo,53,2122
perpignan,53,2122
sulphide,53,2122
oliva,53,2122
agricole,53,2122
cnrs,53,2122
fille,53,2122
georgios,53,2122
nazionale,53,2122
sula,53,2122
fatih,53,2122
sulphuric,53,2122
repubblica,53,2122
timmins,53,2122
está,53,2122
faure,53,2122
satu,53,2122
purée,53,2122
benzo,53,2122
desjardins,53,2122
puerta,53,2122
sauvage,53,2122
schulze,53,2122
gracia,53,2122
joaquín,53,2122
corrado,53,2122
cranbrook,53,2122
école,52,2083
málaga,52,2083
citroën,52,2083
cortés,52,2083
thérèse,52,2083
sebastián,52,2083
henriette,52,2083
salix,52,2083
iknow,52,2083
biblioteca,52,2083
carré,52,2083
grenier,52,2083
kleine,52,2083
recherches,52,2083
sarnia,52,2083
vicenza,52,2083
bonifacio,52,2083
fabien,52,2083
günther,52,2083
jiménez,52,2083
rosas,52,2083
tiempo,52,2083
autre,52,2083
tedesco,52,2083
hermès,52,2083
macchiato,52,2083
noticias,52,2083
hadnt,51,2044
lukes,51,2044
wilsons,51,2044
internazionale,51,2044
clément,51,2044
hervé,51,2044
dantes,51,2044
succ,51,2044
roch,51,2044
bourque,51,2044
vaux,51,2044
contre,51,2044
hannes,51,2044
amélie,51,2044
cécile,51,2044
mapuche,51,2044
prunus,51,2044
nuovo,51,2044
radionuclides,51,2044
rafah,51,2044
sorel,51,2044
ancien,51,2044
autres,51,2044
gatt,51,2044
daewoo,51,2044
efta,51,2044
novosti,51,2044
ulla,51,2044
kivu,51,2044
meningococcal,51,2044
cézanne,51,2044
martinelli,51,2044
liège,50,2005
félix,50,2005
honoré,50,2005
siècle,50,2005
gatineau,50,2005
syriza,50,2005
enfants,50,2005
puro,50,2005
teodoro,50,2005
emanuele,50,2005
montagne,50,2005
morne,50,2005
kfar,50,2005
theyd,49,1966
noël,49,1966
orléans,49,1966
antónio,49,1966
aarons,49,1966
jaune,49,1966
rhein,49,1966
bourg,49,1966
jeffs,49,1966
dupuis,49,1966
famille,49,1966
rebs,49,1966
murphys,48,1927
académie,48,1927
sébastien,48,1927
fotos,48,1927
abruzzo,48,1927
maître,48,1927
commun,48,1927
württemberg,48,1927
akademie,48,1927
leduc,48,1927
macdonalds,48,1927
companys,47,1888
babys,47,1888
victorias,47,1888
ordre,47,1888
sheeps,47,1888
benoît,47,1888
métis,47,1888
cyclo,47,1888
fonds,47,1888
ians,47,1888
münster,47,1888
drei,47,1888
borgo,47,1888
camerons,46,1849
ouest,46,1849
bolívar,46,1849
première,46,1849
renminbi,46,1849
baie,46,1849
nouvelles,46,1849
émile,46,1849
ebit,46,1849
fondation,46,1849
algoma,46,1849
théâtre,45,1810
tonys,45,1810
waynes,45,1810
thompsons,45,1810
colón,45,1810
lebrons,45,1810
rouble,45,1810
chrétien,45,1810
citys,44,1771
macys,44,1771
étienne,44,1771
eugène,44,1771
études,44,1771
bachelet,44,1771
vallée,44,1771
britains,43,1732
rivière,43,1732
opéra,43,1732
bibliothèque,43,1732
historique,43,1732
aosta,43,1732
geneviève,43,1732
cité,43,1732
villers,43,1732
partys,42,1693
andersons,42,1693
iihf,42,1693
daves,42,1693
jupiters,42,1693
kazakhstani,42,1693
trentino,42,1693
lucía,42,1693
familys,41,1654
russias,41,1654
kellys,41,1654
gordons,41,1654
général,41,1654
jims,41,1654
nows,41,1654
craigs,41,1654
friuli,41,1654
dennys,41,1654
sainsburys,41,1654
zadar,41,1654
hott,41,1654
métro,41,1654
olympique,41,1654
ubers,41,1654
valencian,41,1654
wallonia,41,1654
könig,41,1654
napoléon,41,1654
réunion,41,1654
léger,41,1654
countrys,40,1615
thatd,40,1615
ladys,40,1615
wendys,40,1615
murrays,40,1615
vincents,40,1615
neds,40,1615
toyotas,40,1615
république,40,1615
henrys,39,1576
hamiltons,39,1576
blakes,39,1576
roys,39,1576
harrisons,39,1576
donalds,39,1576
isère,39,1576
ioannis,39,1576
californias,38,1537
shaws,38,1537
storys,38,1537
harveys,38,1537
fédération,38,1537
genève,38,1537
auxerre,38,1537
thatll,37,1498
hillarys,37,1498
collège,37,1498
bodys,36,1459
lycée,36,1459
orchestre,36,1459
città,36,1459
neuchâtel,36,1459
australias,35,1420
jerrys,35,1420
argentinas,35,1420
édouard,35,1420
cercle,35,1420
sullivans,35,1420
kiryat,35,1420
mannings,35,1420
nobodys,34,1381
daddys,34,1381
bradys,34,1381
blairs,34,1381
whatevers,34,1381
anns,34,1381
éric,34,1381
annies,34,1381
floyds,34,1381
hendersons,34,1381
howd,33,1342
germanys,33,1342
kongs,33,1342
yangs,33,1342
everybodys,32,1303
mustve,32,1303
tylers,32,1303
reagans,32,1303
kevins,32,1303
quinns,32,1303
série,32,1303
kelloggs,32,1303
harrys,31,1264
perrys,31,1264
hudsons,31,1264
pandoras,31,1264
éditions,31,1264
arnolds,31,1264
nolans,31,1264
supérieure,31,1264
jehovahs,30,1225
skys,30,1225
gentlemens,30,1225
armstrongs,30,1225
reys,30,1225
shakespeares,29,1186
cnns,29,1186
rachels,29,1186
bernies,29,1186
colorados,29,1186
jins,29,1186
castros,29,1186
biographie,29,1186
disneys,28,1147
microsofts,28,1147
virginias,28,1147
pyrénées,28,1147
brians,28,1147
moodys,28,1147
comté,28,1147
rivières,28,1147
maggies,28,1147
noahs,27,1108
andys,27,1108
buddys,27,1108
bruces,27,1108
singhs,27,1108
doyles,27,1108
margarets,27,1108
platos,27,1108
wagners,27,1108
somebodys,26,1069
flynns,26,1069
lawrences,26,1069
freds,26,1069
chicagos,25,1030
bbcs,25,1030
barrys,25,1030
johnnys,25,1030
hannahs,25,1030
rileys,25,1030
todds,25,1030
keiths,25,1030
mightve,24,991
enemys,24,991
fbis,24,991
jurys,24,991
romneys,24,991
churchs,23,952
africas,23,952
mexicos,23,952
chelseas,23,952
sarahs,23,952
vietnams,23,952
nixons,23,952
amys,23,952
houstons,23,952
maxs,23,952
darwins,23,952
billys,23,952
mozarts,23,952
ricos,23,952
mccains,23,952
bachs,23,952
julias,23,952
whyd,22,913
sonys,22,913
nasas,21,874
pakistans,21,874
anybodys,21,874
sydneys,21,874
destinys,21,874
terrys,21,874
ibms,21,874
erics,21,874
nancys,21,874
lilys,21,874
whatd,20,835
whered,20,835
whod,20,835
navys,20,835
michigans,20,835
mccarthys,20,835
majestys,19,796
italys,19,796
biebers,19,796
anthonys,19,796
nintendos,19,796
tiffanys,19,796
jessicas,19,796
whoevers,19,796
garys,19,796
caseys,19,796
lennons,19,796
whove,18,757
zealands,18,757
asias,18,757
stalins,18,757
seattles,18,757
atlantas,18,757
dannys,18,757
nhls,18,757
alabamas,18,757
chloes,18,757
freddys,18,757
clevelands,18,757
sallys,18,757
societys,17,718
communitys,17,718
bushs,17,718
egypts,17,718
torontos,17,718
foxs,17,718
dylans,17,718
detroits,17,718
lucys,17,718
bobbys,17,718
lauras,17,718
careys,17,718
bowies,17,718
countys,16,679
georgias,16,679
nfls,16,679
espns,16,679
portugals,16,679
coachs,16,679
alaskas,16,679
denvers,16,679
iraqs,15,640
emilys,15,640
beethovens,15,640
oregons,15,640
harvards,14,601
ohios,14,601
wholl,13,562
universitys,13,562
agencys,13,562
ukraines,13,562
historys,13,562
wisconsins,13,562
arizonas,13,562
monicas,13,562
trudeaus,13,562
utahs,13,562
mightnt,12,523
mustnt,12,523
tribixbite,12,523
whatll,12,523
whatve,12,523
whend,12,523
therell,12,523
nigerias,12,523
industrys,12,523
syrias,12,523
singapores,12,523
alexs,12,523
humanitys,12,523
kenyas,12,523
allahs,12,523
thisll,12,523
ontarios,12,523
barcelonas,12,523
militarys,12,523
indonesias,12,523
austrias,12,523
greeces,12,523
librarys,12,523
neednt,12,523
vancouvers,12,523
academys,12,523
authoritys,12,523
malaysias,12,523
marxs,12,523
venezuelas,12,523
quebecs,12,523
belgiums,12,523
joshs,12,523
kentuckys,12,523
ministrys,12,523
taiwans,12,523
assemblys,12,523
beyonces,12,523
hungarys,12,523
lynchs,12,523
secretarys,12,523
charitys,12,523
colombias,12,523
mourinhos,12,523
netflixs,12,523
witchs,12,523
cambodias,12,523
lebanons,12,523
ghanas,12,523
haitis,12,523
facilitys,12,523
hawaiis,12,523
ugandas,12,523
centurys,12,523
libyas,12,523
minnesotas,12,523
territorys,12,523
wwes,12,523
yemens,12,523
edinburghs,12,523
nashs,12,523
rihannas,12,523
husseins,12,523
